url,preview
https://www.pracuj.pl/praca?pn=2,"Przejdź do wyszukiwarki Przejdź do ofert Przejdź do filtrów Przejdź do stopki Oferty pracy Pобота Profile pracodawców Porady i narzędzia Moje konto DLA FIRM Dodaj ogłoszenie Hej! Jakiej pracy szukasz? Stanowisko, firma, słowo kluczowe Kategoria Lokalizacja Odległość Szukaj Przejdź do wyszukiwarki Przejdź do ofert Przejdź do filtrów Przejdź do stopki Praca - 57 984 oferty pracy Sortuj: Dla Ciebie z678 Inżynier / Inżynierka budowy 6 000–8 000 zł brutto / mies. TEXOM sp. z o.o. Sprawdź profil firmy"
https://www.pracuj.pl/praca,"Przejdź do wyszukiwarki Przejdź do ofert Przejdź do filtrów Przejdź do stopki Oferty pracy Pобота Profile pracodawców Porady i narzędzia Moje konto DLA FIRM Dodaj ogłoszenie Hej! Jakiej pracy szukasz? Stanowisko, firma, słowo kluczowe Kategoria Lokalizacja Odległość Szukaj Przejdź do wyszukiwarki Przejdź do ofert Przejdź do filtrów Przejdź do stopki Praca - 57 984 oferty pracy Sortuj: Dla Ciebie z678 Doradca Klienta (K/M/N) RTV EURO AGD Sprawdź profil firmy Mielec, Wolności Młodszy specjalista ("
https://www.pracuj.pl/praca?pn=6,"Przejdź do wyszukiwarki Przejdź do ofert Przejdź do filtrów Przejdź do stopki Oferty pracy Pобота Profile pracodawców Porady i narzędzia Moje konto DLA FIRM Dodaj ogłoszenie Hej! Jakiej pracy szukasz? Stanowisko, firma, słowo kluczowe Kategoria Lokalizacja Odległość Szukaj Przejdź do wyszukiwarki Przejdź do ofert Przejdź do filtrów Przejdź do stopki Praca - 57 989 ofert pracy Sortuj: Dla Ciebie z678 Superoferta Analityk Biznesowo-Systemowy (Webcon) GOLDENORE ITC sp. z o.o. Sprawdź profil firmy W"
https://www.pracuj.pl/praca?pn=5,"Przejdź do wyszukiwarki Przejdź do ofert Przejdź do filtrów Przejdź do stopki Oferty pracy Pобота Profile pracodawców Porady i narzędzia Moje konto DLA FIRM Dodaj ogłoszenie Hej! Jakiej pracy szukasz? Stanowisko, firma, słowo kluczowe Kategoria Lokalizacja Odległość Szukaj Przejdź do wyszukiwarki Przejdź do ofert Przejdź do filtrów Przejdź do stopki Praca - 57 989 ofert pracy Sortuj: Dla Ciebie z678 Kierownik / Kierowniczka salonu INGLOT INGLOT sp. z o.o. Kraków, Stare Miasto Kierownik / Koordyn"
https://www.pracuj.pl/praca?pn=3,"Przejdź do wyszukiwarki Przejdź do ofert Przejdź do filtrów Przejdź do stopki Oferty pracy Pобота Profile pracodawców Porady i narzędzia Moje konto DLA FIRM Dodaj ogłoszenie Hej! Jakiej pracy szukasz? Stanowisko, firma, słowo kluczowe Kategoria Lokalizacja Odległość Szukaj Przejdź do wyszukiwarki Przejdź do ofert Przejdź do filtrów Przejdź do stopki Praca - 57 989 ofert pracy Sortuj: Dla Ciebie z678 Inżynier / Inżynierka Produkcji (k/m/n) Unison Engine Components Poland Sp. z o.o. Sprawdź profil"
https://www.pracuj.pl/praca?pn=4,"Przejdź do wyszukiwarki Przejdź do ofert Przejdź do filtrów Przejdź do stopki Oferty pracy Pобота Profile pracodawców Porady i narzędzia Moje konto DLA FIRM Dodaj ogłoszenie Hej! Jakiej pracy szukasz? Stanowisko, firma, słowo kluczowe Kategoria Lokalizacja Odległość Szukaj Przejdź do wyszukiwarki Przejdź do ofert Przejdź do filtrów Przejdź do stopki Praca - 57 989 ofert pracy Sortuj: Dla Ciebie z678 Pracownik wykładający towar (k/m/x) 31,40 zł brutto / godz. Netto Sp. z o.o. Sprawdź profil firmy"
https://www.pracuj.pl/praca?pn=10,"Przejdź do wyszukiwarki Przejdź do ofert Przejdź do filtrów Przejdź do stopki Oferty pracy Pобота Profile pracodawców Porady i narzędzia Moje konto DLA FIRM Dodaj ogłoszenie Hej! Jakiej pracy szukasz? Stanowisko, firma, słowo kluczowe Kategoria Lokalizacja Odległość Szukaj Przejdź do wyszukiwarki Przejdź do ofert Przejdź do filtrów Przejdź do stopki Praca - 57 989 ofert pracy Sortuj: Dla Ciebie z678 Planista / Planistka PZL-Świdnik Sprawdź profil firmy Świdnik Młodszy specjalista (Junior), Specj"
"https://www.pracuj.pl/praca/opiekun-opiekunka-osoby-starszej-z-zamieszkaniem-u-podopiecznego-lublin,oferta,1004592468?s=1f7c2c91&searchId=MTc2ODgzMjgwODA5Ni45NDU4",Przejdź do treści ogłoszenia Przejdź do panelu aplikowania Przejdź do panelu bocznego Przejdź do stopki Oferty pracy Pобота Profile pracodawców Porady i narzędzia Moje konto DLA FIRM Dodaj ogłoszenie Nowość Opiekun/Opiekunka osoby starszej - z zamieszkaniem u Podopiecznego Synergie Poland Sp. z o.o.O firmie ważna jeszcze miesiąc (do 18 lut) 4 300 – 5 300 zł brutto / mies. | umowa zlecenie Lublin(lubelskie) umowa zlecenie pracownik fizyczny praca stacjonarna szukamy wielu kandydatów pracodawca ni
"https://www.pracuj.pl/praca/inzynier-inzynierka-budowy-rzeszow,oferta,1004582169?s=1f7c2c91&searchId=MTc2ODgzMjgwODA5Ni45NDU4",Przejdź do treści ogłoszenia Przejdź do panelu aplikowania Przejdź do panelu bocznego Przejdź do stopki Oferty pracy Pобота Profile pracodawców Porady i narzędzia Moje konto DLA FIRM Dodaj ogłoszenie Inżynier / Inżynierka budowy TEXOM sp. z o.o.O firmie ważna jeszcze 25 dni (do 13 lut) 6 000 – 8 000 zł brutto / mies. | umowa o pracę Rzeszów(podkarpackie) umowa o pracę pełny etat specjalista (mid / regular) praca mobilna Asystent Pracuj.pl Podsumowanie oferty Wypróbuj nową funkcję - pomoże Ci oce
"https://www.pracuj.pl/praca/sekretarz-sadowy-k-m-p-o-sekretarza-sadowego-k-m-warszawa-marszalkowska-82,oferta,1004582170?s=1f7c2c91&searchId=MTc2ODgzMjgwODA5Ni45NDU4","Przejdź do treści ogłoszenia Przejdź do panelu aplikowania Przejdź do panelu bocznego Przejdź do stopki Oferty pracy Pобота Profile pracodawców Porady i narzędzia Moje konto DLA FIRM Dodaj ogłoszenie Sekretarz sądowy (k/m) / p.o. sekretarza sądowego (k/m) Sąd Rejonowy dla m.st. Warszawy w WarszawieO firmie ważna jeszcze 25 dni (do 13 lut) 5 160 – 5 780 zł brutto / mies. | umowa o pracę 5 160 – 5 780 zł brutto / mies. | umowa na zastępstwo Marszałkowska 82, Śródmieście, Warszawa(mazowieckie) umow"
"https://www.pracuj.pl/praca/grafik-graficzka-w-dziale-marketingu-tychy-browarowa-21,oferta,1004592465?s=1f7c2c91&searchId=MTc2ODgzMjgwODA5Ni45NDU4","Przejdź do treści ogłoszenia Przejdź do panelu aplikowania Przejdź do panelu bocznego Przejdź do stopki Oferty pracy Pобота Profile pracodawców Porady i narzędzia Moje konto DLA FIRM Dodaj ogłoszenie Nowość Grafik / Graficzka w Dziale Marketingu TVM Transport & Logistics sp. z o.o.O firmie ważna jeszcze miesiąc (do 18 lut) Browarowa 21, Tychy(śląskie) umowa o pracę pełny etat specjalista (mid / regular) praca stacjonarna Asystent Pracuj.pl Podsumowanie oferty Wypróbuj nową funkcję - pomoże Ci oc"
"https://www.pracuj.pl/praca/kierowca-kat-c-k-m-krapkowice-jana-kilinskiego-1,oferta,1004570917?s=1f7c2c91&searchId=MTc2ODgzMjgwODA5Ni45NDU4","Przejdź do treści ogłoszenia Przejdź do panelu aplikowania Przejdź do panelu bocznego Przejdź do stopki Oferty pracy Pобота Profile pracodawców Porady i narzędzia Moje konto DLA FIRM Dodaj ogłoszenie Kierowca kat. C (k/m) GRUPA KAPITAŁOWA SPECJAŁO firmie ważna jeszcze 20 dni (do 08 lut) 4 806 – 9 000 zł brutto / mies. | umowa o pracę Jana Kilińskiego 1, Krapkowice(opolskie) umowa o pracę pełny etat pracownik fizyczny praca mobilna(województwo opolskie) praca od zaraz szukamy wielu kandydatów(2 w"
"https://www.pracuj.pl/praca/customer-care-specialist-with-slovak-krakow-aleja-pokoju-18e,oferta,1004592464?s=1f7c2c91&searchId=MTc2ODgzMjgwODA5Ni45NDU4","Przejdź do treści ogłoszenia Przejdź do panelu aplikowania Przejdź do panelu bocznego Przejdź do stopki Oferty pracy Pобота Profile pracodawców Porady i narzędzia Moje konto DLA FIRM Dodaj ogłoszenie New Customer Care Specialist with Slovak Capgemini PolskaAbout the company valid for a month (to 18 Feb) Aleja Pokoju 18E, Grzegórzki, Kraków(Lesser Poland) contract of employment full-time specialist (mid / regular) hybrid work Asystent Pracuj.pl Podsumowanie oferty Wypróbuj nową funkcję - pomoże C"
"https://www.pracuj.pl/praca/developer-java-python-warszawa,oferta,1004592460?s=1f7c2c91&searchId=MTc2ODgzMjgwODA5Ni45NDU4","Przejdź do treści ogłoszenia Przejdź do panelu aplikowania Przejdź do panelu bocznego Przejdź do stopki Oferty pracy Pобота Profile pracodawców Porady i narzędzia Moje konto DLA FIRM Dodaj ogłoszenie Nowość Developer (Java, Python) Jit Team sp. z o.o.O firmie ważna jeszcze miesiąc (do 18 lut) 14 000 – 26 800 zł netto (+ VAT) / mies. | kontrakt B2B Warszawa(mazowieckie) kontrakt b2b pełny etat specjalista (mid / regular), starszy specjalista (senior) praca hybrydowa praca od zaraz rekrutacja zdal"
"https://www.pracuj.pl/praca/technik-obiektu-k-m-poznan,oferta,1004563882?s=1f7c2c91&searchId=MTc2ODgzMjgwODA5Ni45NDU4","Przejdź do treści ogłoszenia Przejdź do panelu aplikowania Przejdź do panelu bocznego Przejdź do stopki Oferty pracy Pобота Profile pracodawców Porady i narzędzia Moje konto DLA FIRM Dodaj ogłoszenie Technik Obiektu (K/M) STRABAG PFSO firmie ważna jeszcze 18 dni (do 06 lut) Poznań(wielkopolskie) umowa o pracę pełny etat pracownik fizyczny praca stacjonarna praca od zaraz Asystent Pracuj.pl Podsumowanie oferty Wypróbuj nową funkcję - pomoże Ci ocenić, czy ta oferta może być dla Ciebie. Pokaż pods"
"https://www.pracuj.pl/praca/manager-ka-ds-rozwoju-biznesu-warszawa,oferta,1004592459?s=1f7c2c91&searchId=MTc2ODgzMjgwODA5Ni45NDU4","Przejdź do treści ogłoszenia Przejdź do panelu aplikowania Przejdź do panelu bocznego Przejdź do stopki Oferty pracy Pобота Profile pracodawców Porady i narzędzia Moje konto DLA FIRM Dodaj ogłoszenie Nowość Manager_ka ds. Rozwoju Biznesu ING Usługi dla Biznesu S.A.O firmie ważna jeszcze miesiąc (do 18 lut) Warszawa(mazowieckie) umowa o pracę pełny etat menedżer praca hybrydowa Asystent Pracuj.pl Podsumowanie oferty Wypróbuj nową funkcję - pomoże Ci ocenić, czy ta oferta może być dla Ciebie. Poka"
"https://www.pracuj.pl/praca/mlodszy-specjalista-mlodsza-specjalistka-ds-rekrutacji-i-procesow-hr-sucha-beskidzka-beniowskiego-1,oferta,1004570911?s=1f7c2c91&searchId=MTc2ODgzMjgwODA5Ni45NDU4","Przejdź do treści ogłoszenia Przejdź do panelu aplikowania Przejdź do panelu bocznego Przejdź do stopki Oferty pracy Pобота Profile pracodawców Porady i narzędzia Moje konto DLA FIRM Dodaj ogłoszenie Młodszy Specjalista / Młodsza Specjalistka ds. Rekrutacji i Procesów HR Fideltronik Poland Sp. z o.o.O firmie ważna jeszcze 20 dni (do 08 lut) Beniowskiego 1, Sucha Beskidzka(małopolskie) umowa o pracę pełny etat młodszy specjalista (junior) praca stacjonarna Asystent Pracuj.pl Podsumowanie oferty W"
"https://www.pracuj.pl/praca/operator-operatorka-wsparcia-produkcji-oferta-z-transportem-pracowniczym-mielec,oferta,1004570916?s=1f7c2c91&searchId=MTc2ODgzMjgwODA5Ni45NDU4",Przejdź do treści ogłoszenia Przejdź do panelu aplikowania Przejdź do panelu bocznego Przejdź do stopki Oferty pracy Pобота Profile pracodawców Porady i narzędzia Moje konto DLA FIRM Dodaj ogłoszenie Operator / Operatorka wsparcia produkcji (oferta z transportem pracowniczym) OTTO Work ForceO firmie ważna jeszcze 20 dni (do 08 lut) Mielec(podkarpackie) umowa o pracę tymczasową pełny etat pracownik fizyczny praca stacjonarna praca od zaraz szukamy wielu kandydatów pracodawca nie wymaga cv запрошу
https://www.pracuj.pl/praca?pn=7,"Przejdź do wyszukiwarki Przejdź do ofert Przejdź do filtrów Przejdź do stopki Oferty pracy Pобота Profile pracodawców Porady i narzędzia Moje konto DLA FIRM Dodaj ogłoszenie Hej! Jakiej pracy szukasz? Stanowisko, firma, słowo kluczowe Kategoria Lokalizacja Odległość Szukaj Przejdź do wyszukiwarki Przejdź do ofert Przejdź do filtrów Przejdź do stopki Praca - 57 989 ofert pracy Sortuj: Dla Ciebie z678 Superoferta Fullstack Java Developer GOLDENORE ITC sp. z o.o. Sprawdź profil firmy Wrocław Specja"
"https://www.pracuj.pl/praca/sprzedawca-kasjer-k-m-slawno,oferta,1004592467?s=1f7c2c91&searchId=MTc2ODgzMjgwODA5Ni45NDU4","Przejdź do treści ogłoszenia Przejdź do panelu aplikowania Przejdź do panelu bocznego Przejdź do stopki Oferty pracy Pобота Profile pracodawców Porady i narzędzia Moje konto DLA FIRM Dodaj ogłoszenie Nowość Sprzedawca - Kasjer (k/m) Martes Sport Sp. z o. o.O firmie ważna jeszcze miesiąc (do 18 lut) Sławno(zachodniopomorskie) umowa o pracę, umowa zlecenie pełny etat, część etatu pracownik fizyczny praca stacjonarna praca od zaraz szukamy wielu kandydatów запрошуємо працівників з україни Asystent "
"https://www.pracuj.pl/praca/ambasador-ka-marki-na-wyspie-handlowej-katowice,oferta,1004592466?s=1f7c2c91&searchId=MTc2ODgzMjgwODA5Ni45NDU4","Przejdź do treści ogłoszenia Przejdź do panelu aplikowania Przejdź do panelu bocznego Przejdź do stopki Oferty pracy Pобота Profile pracodawców Porady i narzędzia Moje konto DLA FIRM Dodaj ogłoszenie Nowość Ambasador/ka marki na wyspie handlowej Synergie Poland Sp. z o.o.O firmie ważna jeszcze miesiąc (do 18 lut) 40,00 – 70,00 zł brutto / godz. | umowa zlecenie Katowice(śląskie) umowa zlecenie specjalista (mid / regular) praca stacjonarna praca od zaraz Asystent Pracuj.pl Podsumowanie oferty Wyp"
"https://www.pracuj.pl/praca/shopping-center-manager-dzierzoniow,oferta,1004567216?s=1f7c2c91&searchId=MTc2ODgzMjgwODA5Ni45NDU4","Przejdź do treści ogłoszenia Przejdź do panelu aplikowania Przejdź do panelu bocznego Przejdź do stopki Oferty pracy Pобота Profile pracodawców Porady i narzędzia Moje konto DLA FIRM Dodaj ogłoszenie Shopping Center Manager BIG PolandAbout the company valid for 19 days (to 07 Feb) Dzierżoniów(Lower Silesia) contract of employment full-time team manager full office work Asystent Pracuj.pl Podsumowanie oferty Wypróbuj nową funkcję - pomoże Ci ocenić, czy ta oferta może być dla Ciebie. Pokaż podsum"
"https://www.pracuj.pl/praca/specjalista-ds-zapewnienia-jakosci-farmaceuta-k-m-nowa-wies-wroclawska-pow-wroclawski-ryszarda-chomicza-13,oferta,1004570910?s=1f7c2c91&searchId=MTc2ODgzMjgwODA5Ni45NDU4","Przejdź do treści ogłoszenia Przejdź do panelu aplikowania Przejdź do panelu bocznego Przejdź do stopki Oferty pracy Pобота Profile pracodawców Porady i narzędzia Moje konto DLA FIRM Dodaj ogłoszenie Specjalista ds. Zapewnienia Jakości - Farmaceuta (k/m) USP ZdrowieO firmie ważna jeszcze 20 dni (do 08 lut) Ryszarda Chomicza 13, Nowa Wieś Wrocławska (pow. wrocławski)(dolnośląskie) umowa o pracę pełny etat specjalista (mid / regular), starszy specjalista (senior) praca hybrydowa Asystent Pracuj.pl"
"https://www.pracuj.pl/praca/technik-farmaceutyczny-techniczka-farmaceutyczna-warszawa-woloska-22,oferta,1004570914?s=1f7c2c91&searchId=MTc2ODgzMjgwODA5Ni45NDU4","Przejdź do treści ogłoszenia Przejdź do panelu aplikowania Przejdź do panelu bocznego Przejdź do stopki Oferty pracy Pобота Profile pracodawców Porady i narzędzia Moje konto DLA FIRM Dodaj ogłoszenie Technik Farmaceutyczny / Techniczka Farmaceutyczna MedicoverO firmie ważna jeszcze 20 dni (do 08 lut) Wołoska 22, Mokotów, Warszawa(mazowieckie) umowa o pracę pełny etat specjalista (mid / regular) praca stacjonarna pracodawca nie wymaga cv Asystent Pracuj.pl Podsumowanie oferty Wypróbuj nową funkcj"
"https://www.pracuj.pl/praca/data-integration-engineer-warszawa-zwirki-i-wigury-16a,oferta,1004567215?s=1f7c2c91&searchId=MTc2ODgzMjgwODA5Ni45NDU4","Przejdź do treści ogłoszenia Przejdź do panelu aplikowania Przejdź do panelu bocznego Przejdź do stopki Oferty pracy Pобота Profile pracodawców Porady i narzędzia Moje konto DLA FIRM Dodaj ogłoszenie Data Integration Engineer PRETIUS SOFTWARE SP. Z O.O.About the company valid for 19 days (to 07 Feb) 150,00 – 180,00 zł net (+ VAT) / hr. | B2B contract Żwirki i Wigury 16A, Włochy, Warszawa(Masovian) b2b contract full-time senior specialist (senior), expert home office work remote recruitment Asyst"
"https://www.pracuj.pl/praca/doradca-ds-wyposazenia-wnetrz-bydgoszcz-fordonska-258,oferta,1004585268?s=1f7c2c91&searchId=MTc2ODgzMjgwODA5Ni45NDU4","Przejdź do treści ogłoszenia Przejdź do panelu aplikowania Przejdź do panelu bocznego Przejdź do stopki Oferty pracy Pобота Profile pracodawców Porady i narzędzia Moje konto DLA FIRM Dodaj ogłoszenie Doradca ds. Wyposażenia Wnętrz Black Red White S.A.O firmie ważna jeszcze miesiąc (do 14 lut) 4 806 – 6 500 zł brutto / mies. | umowa o pracę Fordońska 258, Bydgoszcz(kujawsko-pomorskie) umowa o pracę pełny etat młodszy specjalista (junior) praca stacjonarna praca od zaraz запрошуємо працівників з у"
"https://www.pracuj.pl/praca/parkieciarz-cykliniarz-k-m-norwegia,oferta,11784539?s=1f7c2c91&searchId=MTc2ODgzMjgwODA5Ni45NDU4","Przejdź do treści ogłoszenia Przejdź do panelu aplikowania Przejdź do panelu bocznego Przejdź do stopki Oferty pracy Pобота Profile pracodawców Porady i narzędzia Moje konto DLA FIRM Dodaj ogłoszenie Parkieciarz / Cykliniarz (k/m) BERKER DOMINIS Sp. z o.o. właściciel marki pracownicybudowlani.plO firmie ważna jeszcze miesiąc (do 14 lut) Oslo, Norwegia(zagranica) umowa o pracę pełny etat pracownik fizyczny praca stacjonarna praca od zaraz szukamy wielu kandydatów pracodawca nie wymaga cv rekrutac"
"https://www.pracuj.pl/praca/kierownik-operacji-i-sprzedazy-k-m-olsztyn,oferta,1004575768?s=1f7c2c91&searchId=MTc2ODgzMjgwODA5Ni4zOTQ1","Przejdź do treści ogłoszenia Przejdź do panelu aplikowania Przejdź do panelu bocznego Przejdź do stopki Oferty pracy Pобота Profile pracodawców Porady i narzędzia Moje konto DLA FIRM Dodaj ogłoszenie Kierownik Operacji i Sprzedaży (k/m) Biedronka (Jeronimo Martins Polska S.A.)O firmie ważna jeszcze 23 dni (do 11 lut) Olsztyn(warmińsko-mazurskie) umowa o pracę pełny etat kierownik / koordynator praca stacjonarna Asystent Pracuj.pl Podsumowanie oferty Wypróbuj nową funkcję - pomoże Ci ocenić, czy "
"https://www.pracuj.pl/praca/specjalista-specjalistka-ds-sprzedazy-msp-warszawa-wirazowa-37,oferta,1004592457?s=1f7c2c91&searchId=MTc2ODgzMjgwODA5Ni45NDU4","Przejdź do treści ogłoszenia Przejdź do panelu aplikowania Przejdź do panelu bocznego Przejdź do stopki Oferty pracy Pобота Profile pracodawców Porady i narzędzia Moje konto DLA FIRM Dodaj ogłoszenie Nowość Specjalista / Specjalistka ds. Sprzedaży MŚP DHL Express (Poland) Sp. z o.o.O firmie ważna jeszcze miesiąc (do 18 lut) Wirażowa 37, Włochy, Warszawa(mazowieckie) umowa o pracę pełny etat młodszy specjalista (junior), specjalista (mid / regular) praca hybrydowa praca od zaraz Asystent Pracuj.p"
"https://www.pracuj.pl/praca/sprzedawczyni-sprzedawca-sklep-solar-galeria-cuprum-arena-lubin-generala-wladyslawa-sikorskiego-20,oferta,1004592456?s=1f7c2c91&searchId=MTc2ODgzMjgwODA5Ni45NDU4","Przejdź do treści ogłoszenia Przejdź do panelu aplikowania Przejdź do panelu bocznego Przejdź do stopki Oferty pracy Pобота Profile pracodawców Porady i narzędzia Moje konto DLA FIRM Dodaj ogłoszenie Nowość Sprzedawczyni / Sprzedawca - Sklep SOLAR, Galeria Cuprum Arena Solar Company S.A.O firmie ważna jeszcze miesiąc (do 18 lut) Generała Władysława Sikorskiego 20, Lubin(dolnośląskie) umowa o pracę pełny etat młodszy specjalista (junior), specjalista (mid / regular) praca stacjonarna Asystent Pra"
"https://www.pracuj.pl/praca/sprzedawca-kasjer-martes-sport-k-m-oswiecim,oferta,1004592479?s=1f7c2c91&searchId=MTc2ODgzMjgwODA5Ni4zOTQ1",Przejdź do treści ogłoszenia Przejdź do panelu aplikowania Przejdź do panelu bocznego Przejdź do stopki Oferty pracy Pобота Profile pracodawców Porady i narzędzia Moje konto DLA FIRM Dodaj ogłoszenie Nowość Sprzedawca - Kasjer Martes Sport (k/m) Martes Sport Sp. z o. o.O firmie ważna jeszcze miesiąc (do 18 lut) Oświęcim(małopolskie) umowa zlecenie część etatu pracownik fizyczny praca stacjonarna praca od zaraz szukamy wielu kandydatów запрошуємо працівників з україни Asystent Pracuj.pl Podsumowa
"https://www.pracuj.pl/praca/mechanik-serwisu-samochodow-ciezarowych-mercedes-benz-trucks-gorzow-wielkopolski,oferta,1004592462?s=1f7c2c91&searchId=MTc2ODgzMjgwODA5Ni45NDU4",Przejdź do treści ogłoszenia Przejdź do panelu aplikowania Przejdź do panelu bocznego Przejdź do stopki Oferty pracy Pобота Profile pracodawców Porady i narzędzia Moje konto DLA FIRM Dodaj ogłoszenie Nowość Mechanik Serwisu Samochodów Ciężarowych Mercedes-Benz Trucks Mojsiuk Sp. z o.o. Sp.K.O firmie ważna jeszcze miesiąc (do 18 lut) Gorzów Wielkopolski(lubuskie) umowa o pracę pełny etat specjalista (mid / regular) praca stacjonarna Asystent Pracuj.pl Podsumowanie oferty Wypróbuj nową funkcję - p
"https://www.pracuj.pl/praca/mlodszy-specjalista-ds-szkolen-m-k-poznan,oferta,1004592463?s=1f7c2c91&searchId=MTc2ODgzMjgwODA5Ni45NDU4","Przejdź do treści ogłoszenia Przejdź do panelu aplikowania Przejdź do panelu bocznego Przejdź do stopki Oferty pracy Pобота Profile pracodawców Porady i narzędzia Moje konto DLA FIRM Dodaj ogłoszenie Nowość Młodszy Specjalista ds. szkoleń (M/K) ENEA Centrum Sp. z o.o.O firmie ważna jeszcze 14 dni (do 02 lut) Poznań(wielkopolskie) umowa o pracę pełny etat młodszy specjalista (junior) praca stacjonarna Asystent Pracuj.pl Podsumowanie oferty Wypróbuj nową funkcję - pomoże Ci ocenić, czy ta oferta m"
"https://www.pracuj.pl/praca/mlodszy-specjalista-mlodsza-specjalistka-ds-obslugi-pacjenta-wroclaw-henryka-sienkiewicza-34a,oferta,1004592461?s=1f7c2c91&searchId=MTc2ODgzMjgwODA5Ni45NDU4","Przejdź do treści ogłoszenia Przejdź do panelu aplikowania Przejdź do panelu bocznego Przejdź do stopki Oferty pracy Pобота Profile pracodawców Porady i narzędzia Moje konto DLA FIRM Dodaj ogłoszenie Nowość Młodszy Specjalista / Młodsza Specjalistka ds. Obsługi Pacjenta MedicoverO firmie ważna jeszcze miesiąc (do 18 lut) Henryka Sienkiewicza 34a, Śródmieście, Wrocław(dolnośląskie) umowa zlecenie pełny etat młodszy specjalista (junior) praca stacjonarna Asystent Pracuj.pl Podsumowanie oferty Wypr"
"https://www.pracuj.pl/praca/kierownik-kierowniczka-budowy-paczkowo-pow-poznanski,oferta,1004592482?s=1f7c2c91&searchId=MTc2ODgzMjgwODA5Ni4zOTQ1","Przejdź do treści ogłoszenia Przejdź do panelu aplikowania Przejdź do panelu bocznego Przejdź do stopki Oferty pracy Pобота Profile pracodawców Porady i narzędzia Moje konto DLA FIRM Dodaj ogłoszenie Nowość Kierownik / Kierowniczka budowy MATPOL Sp. z o.o.O firmie ważna jeszcze miesiąc (do 18 lut) 11 000 – 14 000 zł brutto / mies. | umowa o pracę Paczkowo (pow. poznański)(wielkopolskie) umowa o pracę, kontrakt b2b pełny etat kierownik / koordynator praca hybrydowa praca od zaraz Asystent Pracuj."
"https://www.pracuj.pl/praca/specjalista-specjalistka-ds-logistyki-aleksandrow-kujawski-przemyslowa-1,oferta,1004592484?s=1f7c2c91&searchId=MTc2ODgzMjgwODA5Ni4zOTQ1","Przejdź do treści ogłoszenia Przejdź do panelu aplikowania Przejdź do panelu bocznego Przejdź do stopki Oferty pracy Pобота Profile pracodawców Porady i narzędzia Moje konto DLA FIRM Dodaj ogłoszenie Nowość Specjalista / Specjalistka ds. logistyki AgriiO firmie ważna jeszcze miesiąc (do 18 lut) Przemysłowa 1, Aleksandrów Kujawski(kujawsko-pomorskie) umowa o pracę pełny etat młodszy specjalista (junior), specjalista (mid / regular) praca stacjonarna praca od zaraz Asystent Pracuj.pl Podsumowanie "
"https://www.pracuj.pl/praca/specjalista-specjalistka-ds-marketingu-zakopane-droga-do-bialego-3,oferta,1004592458?s=1f7c2c91&searchId=MTc2ODgzMjgwODA5Ni45NDU4","Przejdź do treści ogłoszenia Przejdź do panelu aplikowania Przejdź do panelu bocznego Przejdź do stopki Oferty pracy Pобота Profile pracodawców Porady i narzędzia Moje konto DLA FIRM Dodaj ogłoszenie Nowość Specjalista / Specjalistka ds. marketingu Tms Spartaco sp. z o.o.O firmie ważna jeszcze miesiąc (do 18 lut) 6 000 – 8 000 zł brutto / mies. | umowa o pracę Droga Do Białego 3, Zakopane(małopolskie) umowa o pracę pełny etat kierownik / koordynator praca stacjonarna Asystent Pracuj.pl Podsumowa"
"https://www.pracuj.pl/praca/recepcjonista-recepcjonistka-warszawa-zgrupowania-ak-kampinos-15,oferta,1004592449?s=1f7c2c91&searchId=MTc2ODgzMjgwODA5Ni45NDU4","Przejdź do treści ogłoszenia Przejdź do panelu aplikowania Przejdź do panelu bocznego Przejdź do stopki Oferty pracy Pобота Profile pracodawców Porady i narzędzia Moje konto DLA FIRM Dodaj ogłoszenie Nowość Recepcjonista/Recepcjonistka Grupa Kapitałowa Inter CarsO firmie ważna jeszcze miesiąc (do 18 lut) Zgrupowania AK ""Kampinos"" 15, Bielany, Warszawa(mazowieckie) umowa o pracę pełny etat specjalista (mid / regular) praca stacjonarna praca od zaraz rekrutacja zdalna Asystent Pracuj.pl Podsumowan"
"https://www.pracuj.pl/praca/mechanik-mechaniczka-utrzymania-ruchu-bydgoszcz-przemyslowa-27,oferta,1004592476?s=1f7c2c91&searchId=MTc2ODgzMjgwODA5Ni4zOTQ1","Przejdź do treści ogłoszenia Przejdź do panelu aplikowania Przejdź do panelu bocznego Przejdź do stopki Oferty pracy Pобота Profile pracodawców Porady i narzędzia Moje konto DLA FIRM Dodaj ogłoszenie Nowość Mechanik / Mechaniczka Utrzymania Ruchu PRZEDSIĘBIORSTWO DROBIARSKIE ""DROBEX"" - sp. z o.o.O firmie ważna jeszcze miesiąc (do 18 lut) Przemysłowa 27, Bydgoszcz(kujawsko-pomorskie) umowa o pracę pełny etat pracownik fizyczny praca stacjonarna praca od zaraz szukamy wielu kandydatów(2 wakaty) As"
"https://www.pracuj.pl/praca/mlodsza-specjalistka-mlodszy-specjalista-ds-eksploatacji-turbin-wiatrowych-wicko-pow-leborski,oferta,1004592477?s=1f7c2c91&searchId=MTc2ODgzMjgwODA5Ni4zOTQ1",Przejdź do treści ogłoszenia Przejdź do panelu aplikowania Przejdź do panelu bocznego Przejdź do stopki Oferty pracy Pобота Profile pracodawców Porady i narzędzia Moje konto DLA FIRM Dodaj ogłoszenie Nowość Młodsza Specjalistka/ Młodszy Specjalista ds. Eksploatacji Turbin Wiatrowych PGE Energia Odnawialna S.A.O firmie ważna jeszcze miesiąc (do 18 lut) Wicko (pow. lęborski)(pomorskie) umowa o pracę pełny etat młodszy specjalista (junior) praca stacjonarna Asystent Pracuj.pl Podsumowanie oferty Wy
"https://www.pracuj.pl/praca/lider-zespolu-sprzedawcow-k-m-halfprice-bytom-aleja-jana-nowaka-jezioranskiego-25,oferta,1004570936?s=1f7c2c91&searchId=MTc2ODgzMjgwODA5Ni4zOTQ1","Przejdź do treści ogłoszenia Przejdź do panelu aplikowania Przejdź do panelu bocznego Przejdź do stopki Oferty pracy Pобота Profile pracodawców Porady i narzędzia Moje konto DLA FIRM Dodaj ogłoszenie Lider Zespołu Sprzedawców (k/m) HalfPrice Grupa CCCO firmie ważna jeszcze 20 dni (do 08 lut) Aleja Jana Nowaka-Jeziorańskiego 25, Bytom(śląskie) umowa o pracę pełny etat kierownik / koordynator praca stacjonarna praca od zaraz Asystent Pracuj.pl Podsumowanie oferty Wypróbuj nową funkcję - pomoże Ci "
"https://www.pracuj.pl/praca/konsultant-sprzedawca-wroclavia-m-k-wroclaw-sucha-1,oferta,1004548037?s=1f7c2c91&searchId=MTc2ODgzMjgwODA5Ni4zOTQ1","Przejdź do treści ogłoszenia Przejdź do panelu aplikowania Przejdź do panelu bocznego Przejdź do stopki Oferty pracy Pобота Profile pracodawców Porady i narzędzia Moje konto DLA FIRM Dodaj ogłoszenie Konsultant - Sprzedawca Wroclavia (m/k) ""KAN"" sp. z o.o.O firmie ważna jeszcze 2 dni (do 21 sty) Sucha 1, Krzyki, Wrocław(dolnośląskie) umowa o pracę pełny etat młodszy specjalista (junior), specjalista (mid / regular) praca stacjonarna Asystent Pracuj.pl Podsumowanie oferty Wypróbuj nową funkcję - "
"https://www.pracuj.pl/praca/kasjer-kasjerka-gdynia-benislawskiego-1,oferta,1004592447?s=1f7c2c91&searchId=MTc2ODgzMjgwODA5Ni45NDU4","Przejdź do treści ogłoszenia Przejdź do panelu aplikowania Przejdź do panelu bocznego Przejdź do stopki Oferty pracy Pобота Profile pracodawców Porady i narzędzia Moje konto DLA FIRM Dodaj ogłoszenie Nowość Kasjer / Kasjerka Zbigniew DubielaO firmie ważna jeszcze miesiąc (do 18 lut) 4 806 – 5 998 zł brutto / mies. | umowa zlecenie Benisławskiego 1, Gdynia(pomorskie) umowa zlecenie pełny etat pracownik fizyczny praca stacjonarna praca od zaraz pracodawca nie wymaga cv Asystent Pracuj.pl Podsumowa"
"https://www.pracuj.pl/praca/doradca-klienta-k-m-n-mielec-powstancow-warszawy-4,oferta,1004592489?s=1f7c2c91&searchId=MTc2ODgzMjgwODA5Ni4zOTQ1","Przejdź do treści ogłoszenia Przejdź do panelu aplikowania Przejdź do panelu bocznego Przejdź do stopki Oferty pracy Pобота Profile pracodawców Porady i narzędzia Moje konto DLA FIRM Dodaj ogłoszenie Nowość Doradca Klienta (K/M/N) RTV EURO AGDO firmie ważna jeszcze miesiąc (do 18 lut) Powstańców Warszawy 4, Wolności, Mielec(podkarpackie) umowa o pracę pełny etat młodszy specjalista (junior), specjalista (mid / regular) praca stacjonarna praca od zaraz rekrutacja zdalna Asystent Pracuj.pl Podsumo"
"https://www.pracuj.pl/praca/automatyk-utrzymania-ruchu-m-k-wloclawek,oferta,1004592483?s=1f7c2c91&searchId=MTc2ODgzMjgwODA5Ni4zOTQ1",Przejdź do treści ogłoszenia Przejdź do panelu aplikowania Przejdź do panelu bocznego Przejdź do stopki Oferty pracy Pобота Profile pracodawców Porady i narzędzia Moje konto DLA FIRM Dodaj ogłoszenie Nowość Automatyk Utrzymania Ruchu (M/K) Geberit Produkcja Sp. z o.o.O firmie ważna jeszcze miesiąc (do 18 lut) Włocławek(kujawsko-pomorskie) umowa o pracę pełny etat specjalista (mid / regular) praca stacjonarna praca od zaraz Asystent Pracuj.pl Podsumowanie oferty Wypróbuj nową funkcję - pomoże Ci 
"https://www.pracuj.pl/praca/mlodszy-specjalista-mlodsza-specjalistka-ds-ksiegowosci-k-m-x-krakow-tadeusza-kosciuszki-37,oferta,1004582161?s=1f7c2c91&searchId=MTc2ODgzMjgwODA5Ni45NDU4","Przejdź do treści ogłoszenia Przejdź do panelu aplikowania Przejdź do panelu bocznego Przejdź do stopki Oferty pracy Pобота Profile pracodawców Porady i narzędzia Moje konto DLA FIRM Dodaj ogłoszenie młodszy specjalista / młodsza specjalistka ds. księgowości (k,m,x) Dom Wydawniczy ZnakO firmie ważna jeszcze 25 dni (do 13 lut) Tadeusza Kościuszki 37, Zwierzyniec, Kraków(małopolskie) umowa o pracę, kontrakt b2b pełny etat młodszy specjalista (junior) praca hybrydowa Asystent Pracuj.pl Podsumowanie"
"https://www.pracuj.pl/praca/mlodszy-specjalista-mlodsza-specjalistka-ds-obslugi-klienta-w-sklepie-internetow-lublin,oferta,1004592475?s=1f7c2c91&searchId=MTc2ODgzMjgwODA5Ni4zOTQ1",Przejdź do treści ogłoszenia Przejdź do panelu aplikowania Przejdź do panelu bocznego Przejdź do stopki Oferty pracy Pобота Profile pracodawców Porady i narzędzia Moje konto DLA FIRM Dodaj ogłoszenie Nowość Młodszy specjalista / Młodsza specjalistka ds. obsługi klienta w sklepie internetowym EVISO sp. z o.o.O firmie ważna jeszcze miesiąc (do 18 lut) Lublin(lubelskie) umowa o pracę pełny etat młodszy specjalista (junior) praca stacjonarna praca od zaraz pracodawca nie wymaga cv Asystent Pracuj.pl
"https://www.pracuj.pl/praca/monter-monterka-wroclaw-fabryczna-12,oferta,1004578972?s=1f7c2c91&searchId=MTc2ODgzMjgwODA5Ni45NDU4","Przejdź do treści ogłoszenia Przejdź do panelu aplikowania Przejdź do panelu bocznego Przejdź do stopki Oferty pracy Pобота Profile pracodawców Porady i narzędzia Moje konto DLA FIRM Dodaj ogłoszenie Monter/Monterka ALSTOM POLSKA S.A. Oddział we WrocławiuO firmie ważna jeszcze 24 dni (do 12 lut) Fabryczna 12, Fabryczna, Wrocław(dolnośląskie) umowa o pracę pełny etat pracownik fizyczny praca stacjonarna praca od zaraz szukamy wielu kandydatów pracodawca nie wymaga cv запрошуємо працівників з укра"
"https://www.pracuj.pl/praca/magister-farmacji-magisterka-farmacji-ul-dabrowskiego-rzeszow-generala-jaroslawa-dabrowskiego-60,oferta,1004570940?s=1f7c2c91&searchId=MTc2ODgzMjgwODA5Ni4zOTQ1","Przejdź do treści ogłoszenia Przejdź do panelu aplikowania Przejdź do panelu bocznego Przejdź do stopki Oferty pracy Pобота Profile pracodawców Porady i narzędzia Moje konto DLA FIRM Dodaj ogłoszenie Magister Farmacji / Magisterka Farmacji , ul. Dąbrowskiego Dr.Max PolskaO firmie ważna jeszcze 20 dni (do 08 lut) Generała Jarosława Dąbrowskiego 60, Rzeszów(podkarpackie) umowa na zastępstwo pełny etat specjalista (mid / regular) praca stacjonarna Asystent Pracuj.pl Podsumowanie oferty Wypróbuj now"
"https://www.pracuj.pl/praca/magazynier-magazynierka-z-uprawnieniami-do-obslugi-wozka-widlowego-plock-kostrogaj-4,oferta,1004592474?s=1f7c2c91&searchId=MTc2ODgzMjgwODA5Ni4zOTQ1","Przejdź do treści ogłoszenia Przejdź do panelu aplikowania Przejdź do panelu bocznego Przejdź do stopki Oferty pracy Pобота Profile pracodawców Porady i narzędzia Moje konto DLA FIRM Dodaj ogłoszenie Nowość Magazynier / Magazynierka z uprawnieniami do obsługi wózka widłowego PIK Materiały Budowlane Sp. z o.o. Sp.k.O firmie ważna jeszcze miesiąc (do 18 lut) 6 400 – 6 800 zł brutto / mies. | umowa o pracę Kostrogaj 4, Płock(mazowieckie) umowa o pracę pełny etat pracownik fizyczny praca stacjonarna"
"https://www.pracuj.pl/praca/prostowacz-prostowaczka-wroclaw-fabryczna-12,oferta,1004578969?s=1f7c2c91&searchId=MTc2ODgzMjgwODA5Ni45NDU4","Przejdź do treści ogłoszenia Przejdź do panelu aplikowania Przejdź do panelu bocznego Przejdź do stopki Oferty pracy Pобота Profile pracodawców Porady i narzędzia Moje konto DLA FIRM Dodaj ogłoszenie Prostowacz/Prostowaczka ALSTOM POLSKA S.A. Oddział we WrocławiuO firmie ważna jeszcze 24 dni (do 12 lut) Fabryczna 12, Fabryczna, Wrocław(dolnośląskie) umowa o pracę pełny etat pracownik fizyczny praca stacjonarna praca od zaraz szukamy wielu kandydatów pracodawca nie wymaga cv запрошуємо працівникі"
"https://www.pracuj.pl/praca/specjalista-specjalistka-dzialu-skarbu-warszawa-krucza-24-26,oferta,1004570939?s=1f7c2c91&searchId=MTc2ODgzMjgwODA5Ni4zOTQ1","Przejdź do treści ogłoszenia Przejdź do panelu aplikowania Przejdź do panelu bocznego Przejdź do stopki Oferty pracy Pобота Profile pracodawców Porady i narzędzia Moje konto DLA FIRM Dodaj ogłoszenie Specjalista/Specjalistka Działu Skarbu POLENERGIA S.A.O firmie ważna jeszcze 20 dni (do 08 lut) Krucza 24/26, Śródmieście, Warszawa(mazowieckie) umowa o pracę pełny etat specjalista (mid / regular) praca hybrydowa Asystent Pracuj.pl Podsumowanie oferty Wypróbuj nową funkcję - pomoże Ci ocenić, czy t"
"https://www.pracuj.pl/praca/mlodszy-specjalista-mlodsza-specjalistka-ds-handlowych-poznan,oferta,1004570938?s=1f7c2c91&searchId=MTc2ODgzMjgwODA5Ni4zOTQ1",Przejdź do treści ogłoszenia Przejdź do panelu aplikowania Przejdź do panelu bocznego Przejdź do stopki Oferty pracy Pобота Profile pracodawców Porady i narzędzia Moje konto DLA FIRM Dodaj ogłoszenie Młodszy specjalista / Młodsza specjalistka ds. handlowych PRO-MAR S.A.O firmie ważna jeszcze 20 dni (do 08 lut) 6 000 – 6 500 zł brutto / mies. | umowa o pracę Poznań(wielkopolskie) umowa o pracę pełny etat młodszy specjalista (junior) praca stacjonarna praca od zaraz Asystent Pracuj.pl Podsumowanie
"https://www.pracuj.pl/praca/magister-farmacji-m-k-os-opole,oferta,1004592472?s=1f7c2c91&searchId=MTc2ODgzMjgwODA5Ni4zOTQ1","Przejdź do treści ogłoszenia Przejdź do panelu aplikowania Przejdź do panelu bocznego Przejdź do stopki Oferty pracy Pобота Profile pracodawców Porady i narzędzia Moje konto DLA FIRM Dodaj ogłoszenie Nowość Magister Farmacji (m/k/os) DOZ S.A.O firmie ważna jeszcze miesiąc (do 18 lut) Opole(opolskie) umowa o pracę, umowa zlecenie pełny etat młodszy specjalista (junior), specjalista (mid / regular) praca stacjonarna Asystent Pracuj.pl Podsumowanie oferty Wypróbuj nową funkcję - pomoże Ci ocenić, c"
"https://www.pracuj.pl/praca/praca-przy-produkcji-obsluga-maszyn-lodz,oferta,1004570909?s=1f7c2c91&searchId=MTc2ODgzMjgwODA5Ni45NDU4",Przejdź do treści ogłoszenia Przejdź do panelu aplikowania Przejdź do panelu bocznego Przejdź do stopki Oferty pracy Pобота Profile pracodawców Porady i narzędzia Moje konto DLA FIRM Dodaj ogłoszenie Praca przy produkcji - obsługa maszyn Job Impulse Polska Sp. z o.o.O firmie ważna jeszcze 20 dni (do 08 lut) 5 500 – 6 000 zł brutto / mies. | umowa o pracę Łódź(łódzkie) umowa o pracę pełny etat pracownik fizyczny praca stacjonarna praca od zaraz szukamy wielu kandydatów запрошуємо працівників з ук
"https://www.pracuj.pl/praca/fullstack-developer-net-%2b-react-krakow,oferta,1004588340?s=1f7c2c91&searchId=MTc2ODgzMjgwODA5Ni45NDU4","Przejdź do treści ogłoszenia Przejdź do panelu aplikowania Przejdź do panelu bocznego Przejdź do stopki Oferty pracy Pобота Profile pracodawców Porady i narzędzia Moje konto DLA FIRM Dodaj ogłoszenie Fullstack Developer (.NET + React) ALTEN PolskaO firmie ważna jeszcze miesiąc (do 15 lut) Siedziba firmy: Kraków(małopolskie) Miejsce pracy: Cała Polska (praca zdalna) umowa o pracę, kontrakt b2b pełny etat starszy specjalista (senior) praca zdalna praca od zaraz rekrutacja zdalna Asystent Pracuj.pl"
"https://www.pracuj.pl/praca/pielegniarz-oddzialowy-pielegniarka-oddzialowa-warszawa-mehoffera-72-74,oferta,1004592478?s=1f7c2c91&searchId=MTc2ODgzMjgwODA5Ni4zOTQ1","Przejdź do treści ogłoszenia Przejdź do panelu aplikowania Przejdź do panelu bocznego Przejdź do stopki Oferty pracy Pобота Profile pracodawców Porady i narzędzia Moje konto DLA FIRM Dodaj ogłoszenie Nowość Pielęgniarz oddziałowy / Pielęgniarka oddziałowa STOŁECZNE CENTRUM OPIEKUŃCZO-LECZNICZE sp. z o.o.O firmie ważna jeszcze miesiąc (do 18 lut) 8 346 – 10 555 zł brutto / mies. | umowa o pracę Mehoffera 72/74, Białołęka, Warszawa(mazowieckie) umowa o pracę pełny etat kierownik / koordynator prac"
"https://www.pracuj.pl/praca/paid-media-executive-warszawa-krakowiakow-48,oferta,1004592448?s=1f7c2c91&searchId=MTc2ODgzMjgwODA5Ni45NDU4","Przejdź do treści ogłoszenia Przejdź do panelu aplikowania Przejdź do panelu bocznego Przejdź do stopki Oferty pracy Pобота Profile pracodawców Porady i narzędzia Moje konto DLA FIRM Dodaj ogłoszenie New Paid Media Executive British American TobaccoAbout the company valid for a month (to 18 Feb) Krakowiaków 48, Włochy, Warszawa(Masovian) contract of employment full-time specialist (mid / regular) hybrid work immediate employment запрошуємо працівників з україни робота для іноземців(без польської"
"https://www.pracuj.pl/praca/senior-expense-admin-representative-krakow-stanislawa-klimeckiego-1,oferta,1004558146?s=1f7c2c91&searchId=MTc2ODgzMjgwODA5Ni45NDU4","Przejdź do treści ogłoszenia Przejdź do panelu aplikowania Przejdź do panelu bocznego Przejdź do stopki Oferty pracy Pобота Profile pracodawców Porady i narzędzia Moje konto DLA FIRM Dodaj ogłoszenie Senior Expense Admin Representative Brown Brothers HarrimanAbout the company valid for a month (to 16 Feb) Stanisława Klimeckiego 1, Podgórze, Kraków(Lesser Poland) contract of employment full-time senior specialist (senior) hybrid work immediate employment запрошуємо працівників з україни Asystent "
"https://www.pracuj.pl/praca/project-manager-it-digital-transformation-wroclaw,oferta,1004592473?s=1f7c2c91&searchId=MTc2ODgzMjgwODA5Ni4zOTQ1","Przejdź do treści ogłoszenia Przejdź do panelu aplikowania Przejdź do panelu bocznego Przejdź do stopki Oferty pracy Pобота Profile pracodawców Porady i narzędzia Moje konto DLA FIRM Dodaj ogłoszenie New Project Manager – IT & Digital Transformation ITDS Polska Sp. z o.o.About the company valid for a month (to 18 Feb) 14 700 – 18 900 zł net (+ VAT) / mth. | B2B contract Company location: Wrocław(Lower Silesia) Workplace: Whole Poland (remote work) contract of employment, b2b contract full-time m"
"https://www.pracuj.pl/praca/specjalista-ds-kontaktu-z-klientem-katowice-aleja-wojciecha-korfantego-138a,oferta,1004570906?s=1f7c2c91&searchId=MTc2ODgzMjgwODA5Ni45NDU4","Przejdź do treści ogłoszenia Przejdź do panelu aplikowania Przejdź do panelu bocznego Przejdź do stopki Oferty pracy Pобота Profile pracodawców Porady i narzędzia Moje konto DLA FIRM Dodaj ogłoszenie Specjalista ds. kontaktu z klientem Work Develops P.S.A.O firmie ważna jeszcze 20 dni (do 08 lut) 5 000 – 9 000 zł brutto / mies. | umowa o pracę 5 000 – 9 000 zł brutto / mies. | umowa zlecenie Aleja Wojciecha Korfantego 138A, Wełnowiec, Katowice(śląskie) umowa o pracę, umowa zlecenie pełny etat mł"
"https://www.pracuj.pl/praca/mlodszy-ksiegowy-mlodsza-ksiegowa-przezmierowo-pow-poznanski,oferta,1004555370?s=1f7c2c91&searchId=MTc2ODgzMjgwODA5Ni4zOTQ1",Przejdź do treści ogłoszenia Przejdź do panelu aplikowania Przejdź do panelu bocznego Przejdź do stopki Oferty pracy Pобота Profile pracodawców Porady i narzędzia Moje konto DLA FIRM Dodaj ogłoszenie Młodszy księgowy / Młodsza księgowa ATF PARTNERS Spółka z ograniczoną odpowiedzialnością Sp.j.O firmie ważna jeszcze 10 dni (do 29 sty) Przeźmierowo (pow. poznański)(wielkopolskie) umowa o pracę pełny etat młodszy specjalista (junior) praca stacjonarna praca od zaraz szukamy wielu kandydatów(2 wakat
"https://www.pracuj.pl/praca/senior-digital-communications-planner-warszawa-domaniewska-44a,oferta,1004582158?s=1f7c2c91&searchId=MTc2ODgzMjgwODA5Ni45NDU4","Przejdź do treści ogłoszenia Przejdź do panelu aplikowania Przejdź do panelu bocznego Przejdź do stopki Oferty pracy Pобота Profile pracodawców Porady i narzędzia Moje konto DLA FIRM Dodaj ogłoszenie Senior Digital Communications Planner ZenithO firmie ważna jeszcze 25 dni (do 13 lut) Domaniewska 44A, Mokotów, Warszawa(mazowieckie) umowa o pracę pełny etat starszy specjalista (senior) praca hybrydowa rekrutacja zdalna Asystent Pracuj.pl Podsumowanie oferty Wypróbuj nową funkcję - pomoże Ci oceni"
"https://www.pracuj.pl/praca/inzynier-inzynierka-produkcji-k-m-n-dzierzoniow-nowowiejska-50a,oferta,1004582160?s=1f7c2c91&searchId=MTc2ODgzMjgwODA5Ni45NDU4","Przejdź do treści ogłoszenia Przejdź do panelu aplikowania Przejdź do panelu bocznego Przejdź do stopki Oferty pracy Pобота Profile pracodawców Porady i narzędzia Moje konto DLA FIRM Dodaj ogłoszenie Inżynier / Inżynierka Produkcji (k/m/n) Unison Engine Components Poland Sp. z o.o.O firmie ważna jeszcze 25 dni (do 13 lut) Nowowiejska 50A, Dzierżoniów(dolnośląskie) umowa o pracę pełny etat specjalista (mid / regular) praca stacjonarna praca od zaraz Asystent Pracuj.pl Podsumowanie oferty Wypróbuj"
"https://www.pracuj.pl/praca/specjalista-tka-ds-obslugi-farmaceutycznej-katowice,oferta,1004548035?s=1f7c2c91&searchId=MTc2ODgzMjgwODA5Ni4zOTQ1","Przejdź do treści ogłoszenia Przejdź do panelu aplikowania Przejdź do panelu bocznego Przejdź do stopki Oferty pracy Pобота Profile pracodawców Porady i narzędzia Moje konto DLA FIRM Dodaj ogłoszenie Specjalista/tka ds. Obsługi Farmaceutycznej GRUPA NEUCAO firmie ważna jeszcze 2 dni (do 21 sty) Katowice(śląskie) umowa o pracę pełny etat specjalista (mid / regular) praca stacjonarna Asystent Pracuj.pl Podsumowanie oferty Wypróbuj nową funkcję - pomoże Ci ocenić, czy ta oferta może być dla Ciebie."
"https://www.pracuj.pl/praca/slusarz-slusarka-wroclaw-fabryczna-12,oferta,1004578968?s=1f7c2c91&searchId=MTc2ODgzMjgwODA5Ni45NDU4","Przejdź do treści ogłoszenia Przejdź do panelu aplikowania Przejdź do panelu bocznego Przejdź do stopki Oferty pracy Pобота Profile pracodawców Porady i narzędzia Moje konto DLA FIRM Dodaj ogłoszenie Ślusarz/Ślusarka ALSTOM POLSKA S.A. Oddział we WrocławiuO firmie ważna jeszcze 24 dni (do 12 lut) Fabryczna 12, Fabryczna, Wrocław(dolnośląskie) umowa o pracę pełny etat pracownik fizyczny praca stacjonarna praca od zaraz szukamy wielu kandydatów pracodawca nie wymaga cv запрошуємо працівників з укр"
"https://www.pracuj.pl/praca/pracownik-ochrony-k-m-lubin,oferta,1004555368?s=1f7c2c91&searchId=MTc2ODgzMjgwODA5Ni4zOTQ1","Przejdź do treści ogłoszenia Przejdź do panelu aplikowania Przejdź do panelu bocznego Przejdź do stopki Oferty pracy Pобота Profile pracodawców Porady i narzędzia Moje konto DLA FIRM Dodaj ogłoszenie Pracownik Ochrony (k/m) Solid Security Sp. z o.o.O firmie ważna jeszcze 10 dni (do 29 sty) Lubin(dolnośląskie) umowa zlecenie pełny etat pracownik fizyczny praca stacjonarna praca od zaraz Asystent Pracuj.pl Podsumowanie oferty Wypróbuj nową funkcję - pomoże Ci ocenić, czy ta oferta może być dla Cie"
"https://www.pracuj.pl/praca/glowny-a-specjalista-ka-koordynator-ka-finansowy-a-projektow-warszawa-kolska-12,oferta,1004570946?s=1f7c2c91&searchId=MTc2ODgzMjgwODA5Ni4zOTQ1","Przejdź do treści ogłoszenia Przejdź do panelu aplikowania Przejdź do panelu bocznego Przejdź do stopki Oferty pracy Pобота Profile pracodawców Porady i narzędzia Moje konto DLA FIRM Dodaj ogłoszenie Główny/a Specjalista/ka - Koordynator/ka Finansowy/a Projektów NASKO firmie ważna jeszcze 20 dni (do 08 lut) 12 000 – 15 000 zł brutto / mies. | umowa o pracę Kolska 12, Wola, Warszawa(mazowieckie) umowa o pracę pełny etat ekspert praca hybrydowa praca od zaraz rekrutacja zdalna Asystent Pracuj.pl P"
"https://www.pracuj.pl/praca/kierownik-kierowniczka-ds-gastronomii-bielany-wroclawskie-pow-wroclawski-klodzka-14,oferta,1004592445?s=1f7c2c91&searchId=MTc2ODgzMjgwODA5Ni45NDU4","Przejdź do treści ogłoszenia Przejdź do panelu aplikowania Przejdź do panelu bocznego Przejdź do stopki Oferty pracy Pобота Profile pracodawców Porady i narzędzia Moje konto DLA FIRM Dodaj ogłoszenie Nowość Kierownik / Kierowniczka ds. gastronomii Hotel Orient PalaceO firmie ważna jeszcze miesiąc (do 18 lut) Kłodzka 14, Bielany Wrocławskie (pow. wrocławski)(dolnośląskie) umowa o pracę, kontrakt b2b pełny etat kierownik / koordynator, menedżer praca stacjonarna praca od zaraz Asystent Pracuj.pl P"
"https://www.pracuj.pl/praca/entity-controller-krakow-aleja-generala-tadeusza-bora-komorowskiego-25c,oferta,1004592446?s=1f7c2c91&searchId=MTc2ODgzMjgwODA5Ni45NDU4","Przejdź do treści ogłoszenia Przejdź do panelu aplikowania Przejdź do panelu bocznego Przejdź do stopki Oferty pracy Pобота Profile pracodawców Porady i narzędzia Moje konto DLA FIRM Dodaj ogłoszenie New Entity Controller Lundbeck GBS KrakówAbout the company valid for a month (to 18 Feb) Aleja Generała Tadeusza Bora-Komorowskiego 25c, Prądnik Czerwony, Kraków(Lesser Poland) contract of employment full-time specialist (mid / regular) hybrid work запрошуємо працівників з україни Asystent Pracuj.pl"
"https://www.pracuj.pl/praca/pracownik-pracowniczka-obslugi-klienta-gdansk,oferta,1004582156?s=1f7c2c91&searchId=MTc2ODgzMjgwODA5Ni45NDU4",Przejdź do treści ogłoszenia Przejdź do panelu aplikowania Przejdź do panelu bocznego Przejdź do stopki Oferty pracy Pобота Profile pracodawców Porady i narzędzia Moje konto DLA FIRM Dodaj ogłoszenie Pracownik / Pracowniczka Obsługi Klienta JYSK Sp z o.o.O firmie ważna jeszcze 25 dni (do 13 lut) 6 000 – 6 500 zł brutto / mies. | umowa o pracę Gdańsk(pomorskie) umowa o pracę pełny etat specjalista (mid / regular) praca hybrydowa praca od zaraz Asystent Pracuj.pl Podsumowanie oferty Wypróbuj nową 
"https://www.pracuj.pl/praca/zastepca-kierownika-sklepu-k-m-x-komorowice-pow-wroclawski-wroclawska-19,oferta,1004570905?s=1f7c2c91&searchId=MTc2ODgzMjgwODA5Ni45NDU4","Przejdź do treści ogłoszenia Przejdź do panelu aplikowania Przejdź do panelu bocznego Przejdź do stopki Oferty pracy Pобота Profile pracodawców Porady i narzędzia Moje konto DLA FIRM Dodaj ogłoszenie Zastępca Kierownika Sklepu (k/m/x) Netto Sp. z o.o.O firmie ważna jeszcze 20 dni (do 08 lut) 5 650 zł brutto / mies. | umowa o pracę Wrocławska 19, Komorowice (pow. wrocławski)(dolnośląskie) umowa o pracę pełny etat kierownik / koordynator praca stacjonarna Asystent Pracuj.pl Podsumowanie oferty Wyp"
"https://www.pracuj.pl/praca/delivery-head-usa-region-wroclaw-sucha-3,oferta,1004592471?s=1f7c2c91&searchId=MTc2ODgzMjgwODA5Ni4zOTQ1","Przejdź do treści ogłoszenia Przejdź do panelu aplikowania Przejdź do panelu bocznego Przejdź do stopki Oferty pracy Pобота Profile pracodawców Porady i narzędzia Moje konto DLA FIRM Dodaj ogłoszenie New Delivery Head – USA region Xebia sp. z o.o.About the company valid for a month (to 18 Feb) Sucha 3, Krzyki, Wrocław(Lower Silesia) contract of employment, b2b contract full-time director full office work, home office work, hybrid work immediate employment remote recruitment Asystent Pracuj.pl Po"
"https://www.pracuj.pl/praca/spawacz-spawaczka-mag-mig-wroclaw-fabryczna-12,oferta,1004578965?s=1f7c2c91&searchId=MTc2ODgzMjgwODA5Ni45NDU4","Przejdź do treści ogłoszenia Przejdź do panelu aplikowania Przejdź do panelu bocznego Przejdź do stopki Oferty pracy Pобота Profile pracodawców Porady i narzędzia Moje konto DLA FIRM Dodaj ogłoszenie Spawacz/Spawaczka MAG/MIG ALSTOM POLSKA S.A. Oddział we WrocławiuO firmie ważna jeszcze 24 dni (do 12 lut) Fabryczna 12, Fabryczna, Wrocław(dolnośląskie) umowa o pracę pełny etat pracownik fizyczny praca stacjonarna praca od zaraz szukamy wielu kandydatów pracodawca nie wymaga cv запрошуємо працівни"
"https://www.pracuj.pl/praca/mlodszy-specjalista-mlodsza-specjalistka-ds-administracji-warszawa,oferta,1004592444?s=1f7c2c91&searchId=MTc2ODgzMjgwODA5Ni45NDU4","Przejdź do treści ogłoszenia Przejdź do panelu aplikowania Przejdź do panelu bocznego Przejdź do stopki Oferty pracy Pобота Profile pracodawców Porady i narzędzia Moje konto DLA FIRM Dodaj ogłoszenie Nowość Młodszy specjalista / Młodsza specjalistka ds. Administracji Alior LeasingO firmie ważna jeszcze miesiąc (do 18 lut) Warszawa(mazowieckie) umowa zlecenie pełny etat młodszy specjalista (junior) praca stacjonarna Asystent Pracuj.pl Podsumowanie oferty Wypróbuj nową funkcję - pomoże Ci ocenić, "
"https://www.pracuj.pl/praca/junior-lead-hunter-k-m-warszawa-wincentego-rzymowskiego-53,oferta,1004567208?s=1f7c2c91&searchId=MTc2ODgzMjgwODA5Ni45NDU4","Przejdź do treści ogłoszenia Przejdź do panelu aplikowania Przejdź do panelu bocznego Przejdź do stopki Oferty pracy Pобота Profile pracodawców Porady i narzędzia Moje konto DLA FIRM Dodaj ogłoszenie Junior Lead Hunter (K/M) Flotman Sp. z o.o.O firmie ważna jeszcze 19 dni (do 07 lut) 6 500 – 9 000 zł brutto / mies. | umowa zlecenie 6 500 – 9 000 zł netto (+ VAT) / mies. | kontrakt B2B Wincentego Rzymowskiego 53, Mokotów, Warszawa(mazowieckie) umowa zlecenie, kontrakt b2b pełny etat młodszy specj"
"https://www.pracuj.pl/praca/kierownik-kierowniczka-robot-sanitarnych-rzeszow,oferta,1004582171?s=1f7c2c91&searchId=MTc2ODgzMjgwODA5Ni4zOTQ1",Przejdź do treści ogłoszenia Przejdź do panelu aplikowania Przejdź do panelu bocznego Przejdź do stopki Oferty pracy Pобота Profile pracodawców Porady i narzędzia Moje konto DLA FIRM Dodaj ogłoszenie Kierownik / Kierowniczka Robót Sanitarnych TEXOM S.A.O firmie ważna jeszcze 25 dni (do 13 lut) 10 000 – 15 000 zł brutto / mies. | umowa o pracę Rzeszów(podkarpackie) umowa o pracę pełny etat kierownik / koordynator praca mobilna(województwo podkarpackie) Asystent Pracuj.pl Podsumowanie oferty Wypró
"https://www.pracuj.pl/praca/mlodszy-mechanik-firma-zewnetrzna-dzial-utrzymania-ruchu-k-m-gdansk-aleja-grunwaldzka-481,oferta,1004592469?s=1f7c2c91&searchId=MTc2ODgzMjgwODA5Ni4zOTQ1","Przejdź do treści ogłoszenia Przejdź do panelu aplikowania Przejdź do panelu bocznego Przejdź do stopki Oferty pracy Pобота Profile pracodawców Porady i narzędzia Moje konto DLA FIRM Dodaj ogłoszenie Nowość Młodszy Mechanik - firma zewnętrzna - Dział Utrzymania Ruchu (K/M) Federal Mogul Bimet S.A.O firmie ważna jeszcze miesiąc (do 18 lut) 7 000 – 8 000 zł brutto / mies. | umowa o pracę aleja Grunwaldzka 481, Oliwa, Gdańsk(pomorskie) umowa o pracę pełny etat młodszy specjalista (junior), specjali"
"https://www.pracuj.pl/praca/trener-personalny-trenerka-personalna-szczecin-andrzeja-struga-18,oferta,1004570924?s=1f7c2c91&searchId=MTc2ODgzMjgwODA5Ni4zOTQ1","Przejdź do treści ogłoszenia Przejdź do panelu aplikowania Przejdź do panelu bocznego Przejdź do stopki Oferty pracy Pобота Profile pracodawców Porady i narzędzia Moje konto DLA FIRM Dodaj ogłoszenie Trener Personalny / Trenerka Personalna Well Fitness sp. z o.o.O firmie ważna jeszcze 20 dni (do 08 lut) Andrzeja Struga 18, Prawobrzeże, Szczecin(zachodniopomorskie) umowa zlecenie część etatu specjalista (mid / regular) praca stacjonarna Asystent Pracuj.pl Podsumowanie oferty Wypróbuj nową funkcję"
"https://www.pracuj.pl/praca/osoba-do-kierowania-pojazdow-c%2be-w-transporcie-miedzynarodowym-i-krajowym-niemcy,oferta,11771418?s=1f7c2c91&searchId=MTc2ODgzMjgwODA5Ni4zOTQ1",Przejdź do treści ogłoszenia Przejdź do panelu aplikowania Przejdź do panelu bocznego Przejdź do stopki Oferty pracy Pобота Profile pracodawców Porady i narzędzia Moje konto DLA FIRM Dodaj ogłoszenie Osoba do kierowania pojazdów C+E w transporcie międzynarodowym i krajowym LUKSMANN Sp. z o. o.O firmie ważna jeszcze 20 dni (do 08 lut) 10 750 – 17 000 zł brutto / mies. | umowa o pracę Niemcy(zagranica) umowa o pracę pełny etat pracownik fizyczny praca stacjonarna praca od zaraz pracodawca nie wyma
"https://www.pracuj.pl/praca/specjalista-specjalistka-ds-procesu-w-zespole-audytowym-z-jezykiem-niemieckim-opole-oleska-121,oferta,1004575728?s=1f7c2c91&searchId=MTc2ODgzMjgwODA5Ni4zOTQ1","Przejdź do treści ogłoszenia Przejdź do panelu aplikowania Przejdź do panelu bocznego Przejdź do stopki Oferty pracy Pобота Profile pracodawców Porady i narzędzia Moje konto DLA FIRM Dodaj ogłoszenie Specjalista / Specjalistka ds. Procesu w zespole audytowym z językiem niemieckim PwC Service Delivery CenterO firmie ważna jeszcze 23 dni (do 11 lut) Oleska 121, Opole(opolskie) umowa o pracę pełny etat, część etatu specjalista (mid / regular) praca hybrydowa rekrutacja zdalna запрошуємо працівників"
"https://www.pracuj.pl/praca/koordynator-zmiany-k-m-x-szczecin-narutowicza-13e,oferta,1004570919?s=1f7c2c91&searchId=MTc2ODgzMjgwODA5Ni4zOTQ1","Przejdź do treści ogłoszenia Przejdź do panelu aplikowania Przejdź do panelu bocznego Przejdź do stopki Oferty pracy Pобота Profile pracodawców Porady i narzędzia Moje konto DLA FIRM Dodaj ogłoszenie Koordynator zmiany (k/m/x) Netto Sp. z o.o.O firmie ważna jeszcze 20 dni (do 08 lut) 5 590 zł brutto / mies. | umowa o pracę Narutowicza 13E, Szczecin(zachodniopomorskie) umowa o pracę pełny etat kierownik / koordynator praca stacjonarna Asystent Pracuj.pl Podsumowanie oferty Wypróbuj nową funkcję -"
"https://www.pracuj.pl/praca/senior-key-account-manager-dyskonty-m-f-warszawa,oferta,1004563897?s=1f7c2c91&searchId=MTc2ODgzMjgwODA5Ni4zOTQ1","Przejdź do treści ogłoszenia Przejdź do panelu aplikowania Przejdź do panelu bocznego Przejdź do stopki Oferty pracy Pобота Profile pracodawców Porady i narzędzia Moje konto DLA FIRM Dodaj ogłoszenie Senior Key Account Manager (dyskonty) (m/f) Mondelēz International w PolsceO firmie ważna jeszcze 18 dni (do 06 lut) Warszawa(mazowieckie) umowa o pracę pełny etat starszy specjalista (senior) praca hybrydowa Asystent Pracuj.pl Podsumowanie oferty Wypróbuj nową funkcję - pomoże Ci ocenić, czy ta ofe"
"https://www.pracuj.pl/praca/sprzedawca-kasjer-zawiercie-obroncow-poczty-gdanskiej-20h,oferta,1004570929?s=1f7c2c91&searchId=MTc2ODgzMjgwODA5Ni4zOTQ1","Przejdź do treści ogłoszenia Przejdź do panelu aplikowania Przejdź do panelu bocznego Przejdź do stopki Oferty pracy Pобота Profile pracodawców Porady i narzędzia Moje konto DLA FIRM Dodaj ogłoszenie Sprzedawca - Kasjer BricomarchéO firmie ważna jeszcze 20 dni (do 08 lut) 4 806 – 5 200 zł brutto / mies. | umowa o pracę Obrońców Poczty Gdańskiej 20H, Zawiercie(śląskie) umowa o pracę, umowa zlecenie pełny etat pracownik fizyczny praca stacjonarna praca od zaraz Asystent Pracuj.pl Podsumowanie ofer"
"https://www.pracuj.pl/praca/magister-farmacji-magisterka-farmacji-dodatek-relokacyjny-sierpc,oferta,1004578983?s=1f7c2c91&searchId=MTc2ODgzMjgwODA5Ni4zOTQ1","Przejdź do treści ogłoszenia Przejdź do panelu aplikowania Przejdź do panelu bocznego Przejdź do stopki Oferty pracy Pобота Profile pracodawców Porady i narzędzia Moje konto DLA FIRM Dodaj ogłoszenie Magister Farmacji / Magisterka Farmacji (dodatek relokacyjny) Dr.Max PolskaO firmie ważna jeszcze 24 dni (do 12 lut) Sierpc(mazowieckie) umowa o pracę pełny etat specjalista (mid / regular) praca stacjonarna Asystent Pracuj.pl Podsumowanie oferty Wypróbuj nową funkcję - pomoże Ci ocenić, czy ta ofer"
"https://www.pracuj.pl/praca/pracownik-magazynowy-pracownica-magazynowa-etykietowanie-produktow-wysogotowo-pow-poznanski-batorowska-35,oferta,1004570921?s=1f7c2c91&searchId=MTc2ODgzMjgwODA5Ni4zOTQ1","Przejdź do treści ogłoszenia Przejdź do panelu aplikowania Przejdź do panelu bocznego Przejdź do stopki Oferty pracy Pобота Profile pracodawców Porady i narzędzia Moje konto DLA FIRM Dodaj ogłoszenie Pracownik Magazynowy / Pracownica Magazynowa - etykietowanie produktów Maspo sp. z o.o.O firmie ważna jeszcze 20 dni (do 08 lut) Batorowska 35, Wysogotowo (pow. poznański)(wielkopolskie) umowa o pracę pełny etat pracownik fizyczny praca stacjonarna praca od zaraz запрошуємо працівників з україни Asy"
"https://www.pracuj.pl/praca/gl-accountant-with-german-opole-oleska-121,oferta,1004575715?s=1f7c2c91&searchId=MTc2ODgzMjgwODA5Ni4zOTQ1","Przejdź do treści ogłoszenia Przejdź do panelu aplikowania Przejdź do panelu bocznego Przejdź do stopki Oferty pracy Pобота Profile pracodawców Porady i narzędzia Moje konto DLA FIRM Dodaj ogłoszenie GL Accountant with German PwC Service Delivery CenterAbout the company valid for 23 days (to 11 Feb) Oleska 121, Opole(Opole) contract of employment full-time specialist (mid / regular) home office work remote recruitment запрошуємо працівників з україни Asystent Pracuj.pl Podsumowanie oferty Wyprób"
"https://www.pracuj.pl/praca/specjalista-specjalistka-ds-procesow-kadrowych-z-jezykiem-niemieckim-opole-oleska-121,oferta,1004575726?s=1f7c2c91&searchId=MTc2ODgzMjgwODA5Ni4zOTQ1","Przejdź do treści ogłoszenia Przejdź do panelu aplikowania Przejdź do panelu bocznego Przejdź do stopki Oferty pracy Pобота Profile pracodawców Porady i narzędzia Moje konto DLA FIRM Dodaj ogłoszenie Specjalista / Specjalistka ds. procesów kadrowych z językiem niemieckim PwC Service Delivery CenterO firmie ważna jeszcze 23 dni (do 11 lut) Oleska 121, Opole(opolskie) umowa o pracę pełny etat specjalista (mid / regular) praca hybrydowa rekrutacja zdalna запрошуємо працівників з україни Asystent Pr"
"https://www.pracuj.pl/praca/analityk-biznesowo-systemowy-webcon-wroclaw,oferta,1004567147?s=1f7c2c91&searchId=MTc2ODgzMjgxMzUwMC4wMTM=","Przejdź do treści ogłoszenia Przejdź do panelu aplikowania Przejdź do panelu bocznego Przejdź do stopki Oferty pracy Pобота Profile pracodawców Porady i narzędzia Moje konto DLA FIRM Dodaj ogłoszenie Analityk Biznesowo-Systemowy (Webcon) GOLDENORE ITC sp. z o.o.O firmie ważna jeszcze 19 dni (do 07 lut) Wrocław(dolnośląskie) umowa o pracę, kontrakt b2b pełny etat specjalista (mid / regular), starszy specjalista (senior) praca hybrydowa praca od zaraz rekrutacja zdalna Asystent Pracuj.pl Podsumowa"
"https://www.pracuj.pl/praca/operator-ka-maszyn-produkcyjnych-dobron-pow-pabianicki-sienkiewicza-68,oferta,1004578979?s=1f7c2c91&searchId=MTc2ODgzMjgwODA5Ni4zOTQ1","Przejdź do treści ogłoszenia Przejdź do panelu aplikowania Przejdź do panelu bocznego Przejdź do stopki Oferty pracy Pобота Profile pracodawców Porady i narzędzia Moje konto DLA FIRM Dodaj ogłoszenie Operator/ka Maszyn Produkcyjnych JNT Group S.A. Sp. K.O firmie ważna jeszcze 24 dni (do 12 lut) Sienkiewicza 68, Dobroń (pow. pabianicki)(łódzkie) umowa o pracę pełny etat pracownik fizyczny praca stacjonarna szukamy wielu kandydatów(2 wakaty) запрошуємо працівників з україни Asystent Pracuj.pl Pods"
"https://www.pracuj.pl/praca/pracownik-produkcji-pakowanie-kosmetykow-garwolin,oferta,1004570855?s=1f7c2c91&searchId=MTc2ODgzMjgxMzUwMC4wMTM=",Przejdź do treści ogłoszenia Przejdź do panelu aplikowania Przejdź do panelu bocznego Przejdź do stopki Oferty pracy Pобота Profile pracodawców Porady i narzędzia Moje konto DLA FIRM Dodaj ogłoszenie Pracownik produkcji (pakowanie kosmetyków) OTTO Work ForceO firmie ważna jeszcze 20 dni (do 08 lut) Garwolin(mazowieckie) umowa zlecenie pracownik fizyczny praca stacjonarna praca od zaraz szukamy wielu kandydatów pracodawca nie wymaga cv rekrutacja zdalna запрошуємо працівників з україни Asystent P
"https://www.pracuj.pl/praca/osoba-do-dzialu-konstrukcyjnego-radom-wosnicka-114a,oferta,1004575648?s=1f7c2c91&searchId=MTc2ODgzMjgxMzUwMC4wMTM=","Przejdź do treści ogłoszenia Przejdź do panelu aplikowania Przejdź do panelu bocznego Przejdź do stopki Oferty pracy Pобота Profile pracodawców Porady i narzędzia Moje konto DLA FIRM Dodaj ogłoszenie Osoba do działu konstrukcyjnego "" ZESZUTA SPORT"" SPÓŁKA Z OGRANICZONĄ ODPOWIEDZIALNOŚCIĄO firmie ważna jeszcze 23 dni (do 11 lut) Wośnicka 114a, Wośniki, Radom(mazowieckie) umowa o pracę pełny etat specjalista (mid / regular) praca stacjonarna Asystent Pracuj.pl Podsumowanie oferty Wypróbuj nową fun"
"https://www.pracuj.pl/praca/delivery-head-mea-region-wroclaw-sucha-3,oferta,1004592470?s=1f7c2c91&searchId=MTc2ODgzMjgwODA5Ni4zOTQ1","Przejdź do treści ogłoszenia Przejdź do panelu aplikowania Przejdź do panelu bocznego Przejdź do stopki Oferty pracy Pобота Profile pracodawców Porady i narzędzia Moje konto DLA FIRM Dodaj ogłoszenie New Delivery Head – MEA region Xebia sp. z o.o.About the company valid for a month (to 18 Feb) Sucha 3, Krzyki, Wrocław(Lower Silesia) contract of employment, b2b contract full-time director full office work, home office work, hybrid work immediate employment remote recruitment Asystent Pracuj.pl Po"
"https://www.pracuj.pl/praca/senior-devops-engineer-iam-cloud-infrastructure-krakow,oferta,1004592398?s=1f7c2c91&searchId=MTc2ODgzMjgxMzUwMC4wMTM=","Przejdź do treści ogłoszenia Przejdź do panelu aplikowania Przejdź do panelu bocznego Przejdź do stopki Oferty pracy Pобота Profile pracodawców Porady i narzędzia Moje konto DLA FIRM Dodaj ogłoszenie New Senior DevOps Engineer – IAM & Cloud Infrastructure ITDS Polska Sp. z o.o.About the company valid for a month (to 18 Feb) 25 200 – 28 350 zł net (+ VAT) / mth. | B2B contract Kraków(Lesser Poland) contract of employment, b2b contract full-time senior specialist (senior) hybrid work immediate emp"
"https://www.pracuj.pl/praca/referent-referentka-ds-zakupow-j-angielski-b2-c1-pustkow-osiedle-pow-debicki-59,oferta,1004570920?s=1f7c2c91&searchId=MTc2ODgzMjgwODA5Ni4zOTQ1","Przejdź do treści ogłoszenia Przejdź do panelu aplikowania Przejdź do panelu bocznego Przejdź do stopki Oferty pracy Pобота Profile pracodawców Porady i narzędzia Moje konto DLA FIRM Dodaj ogłoszenie Referent / Referentka ds. Zakupów (j.angielski B2/C1) KronospanO firmie ważna jeszcze 20 dni (do 08 lut) Pustków-Osiedle 59, Pustków-Osiedle (pow. dębicki)(podkarpackie) umowa o pracę pełny etat specjalista (mid / regular) praca stacjonarna Asystent Pracuj.pl Podsumowanie oferty Wypróbuj nową funkcj"
"https://www.pracuj.pl/praca/mlodszy-specjalista-mlodsza-specjalistka-ds-obslugi-pacjenta-warszawa-franciszka-klimczaka-1,oferta,1004570922?s=1f7c2c91&searchId=MTc2ODgzMjgwODA5Ni4zOTQ1","Przejdź do treści ogłoszenia Przejdź do panelu aplikowania Przejdź do panelu bocznego Przejdź do stopki Oferty pracy Pобота Profile pracodawców Porady i narzędzia Moje konto DLA FIRM Dodaj ogłoszenie Młodszy specjalista / Młodsza specjalistka ds. obsługi pacjenta MedicoverO firmie ważna jeszcze 20 dni (do 08 lut) Franciszka Klimczaka 1, Wilanów, Warszawa(mazowieckie) umowa zlecenie pełny etat młodszy specjalista (junior) praca stacjonarna Asystent Pracuj.pl Podsumowanie oferty Wypróbuj nową funk"
"https://www.pracuj.pl/praca/ekspert-ds-analiz-i-modelowania-ryzyka-kredytowego-wroclaw,oferta,1004582069?s=1f7c2c91&searchId=MTc2ODgzMjgxMzUwMC4wMTM=","Przejdź do treści ogłoszenia Przejdź do panelu aplikowania Przejdź do panelu bocznego Przejdź do stopki Oferty pracy Pобота Profile pracodawców Porady i narzędzia Moje konto DLA FIRM Dodaj ogłoszenie Ekspert ds. Analiz i Modelowania Ryzyka Kredytowego PRAGMAGO SAO firmie ważna jeszcze 25 dni (do 13 lut) Wrocław(dolnośląskie) umowa o pracę, kontrakt b2b pełny etat ekspert praca stacjonarna, praca hybrydowa praca od zaraz rekrutacja zdalna Asystent Pracuj.pl Podsumowanie oferty Wypróbuj nową funkc"
"https://www.pracuj.pl/praca/analityk-it-regular-wroclaw,oferta,1004567146?s=1f7c2c91&searchId=MTc2ODgzMjgxMzUwMC4wMTM=","Przejdź do treści ogłoszenia Przejdź do panelu aplikowania Przejdź do panelu bocznego Przejdź do stopki Oferty pracy Pобота Profile pracodawców Porady i narzędzia Moje konto DLA FIRM Dodaj ogłoszenie Analityk IT (Regular) GOLDENORE ITC sp. z o.o.O firmie ważna jeszcze 19 dni (do 07 lut) Wrocław(dolnośląskie) umowa o pracę, kontrakt b2b pełny etat specjalista (mid / regular) praca hybrydowa praca od zaraz rekrutacja zdalna Asystent Pracuj.pl Podsumowanie oferty Wypróbuj nową funkcję - pomoże Ci o"
"https://www.pracuj.pl/praca/observability-cloud-infrastructure-engineer-opole-marka-z-jemielnicy-1,oferta,1004570853?s=1f7c2c91&searchId=MTc2ODgzMjgxMzUwMC4wMTM=","Przejdź do treści ogłoszenia Przejdź do panelu aplikowania Przejdź do panelu bocznego Przejdź do stopki Oferty pracy Pобота Profile pracodawców Porady i narzędzia Moje konto DLA FIRM Dodaj ogłoszenie Observability & Cloud Infrastructure Engineer NUTRICIA Zakłady Produkcyjne Sp. z o.o.About the company valid for 20 days (to 08 Feb) Marka z Jemielnicy 1, Opole(Opole) contract of employment full-time expert hybrid work immediate employment Asystent Pracuj.pl Podsumowanie oferty Wypróbuj nową funkcj"
"https://www.pracuj.pl/praca/specjalista-specjalistka-ds-wsparcia-produkcji-slupsk,oferta,1004592393?s=1f7c2c91&searchId=MTc2ODgzMjgxMzUwMC4wMTM=",Przejdź do treści ogłoszenia Przejdź do panelu aplikowania Przejdź do panelu bocznego Przejdź do stopki Oferty pracy Pобота Profile pracodawców Porady i narzędzia Moje konto DLA FIRM Dodaj ogłoszenie Nowość Specjalista / Specjalistka ds. wsparcia produkcji Apator Telemetria Sp. z o.o.O firmie ważna jeszcze miesiąc (do 18 lut) Słupsk(pomorskie) umowa o pracę pełny etat specjalista (mid / regular) praca stacjonarna praca od zaraz Asystent Pracuj.pl Podsumowanie oferty Wypróbuj nową funkcję - pomoż
"https://www.pracuj.pl/praca/kierownik-kierowniczka-salonu-inglot-krakow-pawia-5,oferta,1004592415?s=1f7c2c91&searchId=MTc2ODgzMjgxMzU1Ny4yNDI=","Przejdź do treści ogłoszenia Przejdź do panelu aplikowania Przejdź do panelu bocznego Przejdź do stopki Oferty pracy Pобота Profile pracodawców Porady i narzędzia Moje konto DLA FIRM Dodaj ogłoszenie Nowość Kierownik / Kierowniczka salonu INGLOT INGLOT sp. z o.o.O firmie ważna jeszcze miesiąc (do 18 lut) Pawia 5, Stare Miasto, Kraków(małopolskie) umowa o pracę pełny etat kierownik / koordynator praca stacjonarna Asystent Pracuj.pl Podsumowanie oferty Wypróbuj nową funkcję - pomoże Ci ocenić, czy"
"https://www.pracuj.pl/praca/magazynier-m-k-gdansk-kartuska-491,oferta,1004592392?s=1f7c2c91&searchId=MTc2ODgzMjgxMzUwMC4wMTM=","Przejdź do treści ogłoszenia Przejdź do panelu aplikowania Przejdź do panelu bocznego Przejdź do stopki Oferty pracy Pобота Profile pracodawców Porady i narzędzia Moje konto DLA FIRM Dodaj ogłoszenie Nowość Magazynier (m/k) Biedronka (Jeronimo Martins Polska S.A.)O firmie ważna jeszcze miesiąc (do 18 lut) 5 650 – 8 110 zł brutto / mies. | umowa o pracę Kartuska 491, Gdańsk(pomorskie) umowa o pracę pełny etat pracownik fizyczny praca stacjonarna Asystent Pracuj.pl Podsumowanie oferty Wypróbuj now"
"https://www.pracuj.pl/praca/magazynier-kierowca-wozka-widlowego-k-m-legnica-smiglowcowa-4,oferta,1004553557?s=1f7c2c91&searchId=MTc2ODgzMjgxMzUwMC4wMTM=","Przejdź do treści ogłoszenia Przejdź do panelu aplikowania Przejdź do panelu bocznego Przejdź do stopki Oferty pracy Pобота Profile pracodawców Porady i narzędzia Moje konto DLA FIRM Dodaj ogłoszenie Magazynier - Kierowca Wózka Widłowego (k/m) FedEx Express Poland sp. z o.o.O firmie ważna jeszcze 9 dni (do 28 sty) Śmigłowcowa 4, Legnica(dolnośląskie) umowa o pracę pełny etat pracownik fizyczny praca stacjonarna Asystent Pracuj.pl Podsumowanie oferty Wypróbuj nową funkcję - pomoże Ci ocenić, czy "
"https://www.pracuj.pl/praca/specjalista-ds-cyberbezpieczenstwa-katowice-mikolowska-100,oferta,1004592390?s=1f7c2c91&searchId=MTc2ODgzMjgxMzUwMC4wMTM=","Przejdź do treści ogłoszenia Przejdź do panelu aplikowania Przejdź do panelu bocznego Przejdź do stopki Oferty pracy Pобота Profile pracodawców Porady i narzędzia Moje konto DLA FIRM Dodaj ogłoszenie Nowość Specjalista ds. Cyberbezpieczeństwa COIGO firmie ważna jeszcze miesiąc (do 18 lut) Mikołowska 100, Katowice(śląskie) umowa o pracę pełny etat specjalista (mid / regular) praca hybrydowa rekrutacja zdalna Asystent Pracuj.pl Podsumowanie oferty Wypróbuj nową funkcję - pomoże Ci ocenić, czy ta o"
"https://www.pracuj.pl/praca/senior-c-developer-%2b-websockets-senior-systems-engineer-m-f-d-wroclaw-legnicka-70,oferta,1004563844?s=1f7c2c91&searchId=MTc2ODgzMjgxMzU1Ny4yNDI=","Przejdź do treści ogłoszenia Przejdź do panelu aplikowania Przejdź do panelu bocznego Przejdź do stopki Oferty pracy Pобота Profile pracodawców Porady i narzędzia Moje konto DLA FIRM Dodaj ogłoszenie Senior C Developer + WebSockets / Senior Systems Engineer (m/f/d) UPVANTA SPÓŁKA Z OGRANICZONĄ ODPOWIEDZIALNOŚCIĄO firmie ważna jeszcze 18 dni (do 06 lut) Siedziba firmy: Legnicka 70, Fabryczna, Wrocław(dolnośląskie) Miejsce pracy: Cała Polska (praca zdalna) kontrakt b2b pełny etat starszy specjalis"
"https://www.pracuj.pl/praca/financial-engineer-krakow,oferta,1004588339?s=1f7c2c91&searchId=MTc2ODgzMjgwODA5Ni45NDU4",Przejdź do treści ogłoszenia Przejdź do panelu aplikowania Przejdź do panelu bocznego Przejdź do stopki Oferty pracy Pобота Profile pracodawców Porady i narzędzia Moje konto DLA FIRM Dodaj ogłoszenie Financial Engineer Mindbox Sp. z o.o.About the company valid for a month (to 15 Feb) 24 000 – 29 000 zł net (+ VAT) / mth. | B2B contract Kraków(Lesser Poland) b2b contract full-time senior specialist (senior) hybrid work immediate employment remote recruitment запрошуємо працівників з україни Asyst
"https://www.pracuj.pl/praca/specjalista-ds-planowania-i-analiz-finansowych-specjalistka-ds-planowania-i-anal-warszawa-aleje-jerozolimskie-96,oferta,1004575713?s=1f7c2c91&searchId=MTc2ODgzMjgwODA5Ni4zOTQ1","Przejdź do treści ogłoszenia Przejdź do panelu aplikowania Przejdź do panelu bocznego Przejdź do stopki Oferty pracy Pобота Profile pracodawców Porady i narzędzia Moje konto DLA FIRM Dodaj ogłoszenie Specjalista ds. Planowania i Analiz Finansowych / Specjalistka ds. Planowania i Analiz Finansowych MedicoverO firmie ważna jeszcze 23 dni (do 11 lut) Aleje Jerozolimskie 96, Warszawa(mazowieckie) umowa o pracę pełny etat specjalista (mid / regular) praca stacjonarna praca od zaraz Asystent Pracuj.pl"
"https://www.pracuj.pl/praca/referent-referentka-ds-ofertowania-polanka-pow-myslenicki,oferta,1004575725?s=1f7c2c91&searchId=MTc2ODgzMjgwODA5Ni4zOTQ1","Przejdź do treści ogłoszenia Przejdź do panelu aplikowania Przejdź do panelu bocznego Przejdź do stopki Oferty pracy Pобота Profile pracodawców Porady i narzędzia Moje konto DLA FIRM Dodaj ogłoszenie Referent / Referentka ds. ofertowania EUROVIA Polska S.A.O firmie ważna jeszcze 23 dni (do 11 lut) Polanka (pow. myślenicki)(małopolskie) umowa o pracę pełny etat specjalista (mid / regular) praca stacjonarna Asystent Pracuj.pl Podsumowanie oferty Wypróbuj nową funkcję - pomoże Ci ocenić, czy ta ofe"
"https://www.pracuj.pl/praca/kurier-kierowca-kat-b-warszawa,oferta,1004559702?s=1f7c2c91&searchId=MTc2ODgzMjgxMzUwMC4wMTM=","Przejdź do treści ogłoszenia Przejdź do panelu aplikowania Przejdź do panelu bocznego Przejdź do stopki Oferty pracy Pобота Profile pracodawców Porady i narzędzia Moje konto DLA FIRM Dodaj ogłoszenie Kurier - Kierowca kat. B ""PANTRY PRODUCTS"" Artur StaroszO firmie ważna jeszcze 16 dni (do 04 lut) 5 000 – 7 000 zł brutto / mies. | umowa o pracę 5 000 – 7 000 zł brutto / mies. | umowa o dzieło Warszawa(mazowieckie) umowa o pracę, umowa o dzieło pełny etat pracownik fizyczny praca mobilna(Warszawa-"
"https://www.pracuj.pl/praca/magister-farmacji-z-ca-kierownika-apteki-m-k-os-nysa,oferta,1004592414?s=1f7c2c91&searchId=MTc2ODgzMjgxMzU1Ny4yNDI=","Przejdź do treści ogłoszenia Przejdź do panelu aplikowania Przejdź do panelu bocznego Przejdź do stopki Oferty pracy Pобота Profile pracodawców Porady i narzędzia Moje konto DLA FIRM Dodaj ogłoszenie Nowość Magister Farmacji - Z-ca Kierownika Apteki (m/k/os) DOZ S.A.O firmie ważna jeszcze miesiąc (do 18 lut) Nysa(opolskie) umowa o pracę pełny etat młodszy specjalista (junior), specjalista (mid / regular) praca stacjonarna Asystent Pracuj.pl Podsumowanie oferty Wypróbuj nową funkcję - pomoże Ci o"
"https://www.pracuj.pl/praca/pracownik-produkcji-darmowy-transport-sosnowiec,oferta,1004563820?s=1f7c2c91&searchId=MTc2ODgzMjgxMzUwMC4wMTM=",Przejdź do treści ogłoszenia Przejdź do panelu aplikowania Przejdź do panelu bocznego Przejdź do stopki Oferty pracy Pобота Profile pracodawców Porady i narzędzia Moje konto DLA FIRM Dodaj ogłoszenie Pracownik produkcji - darmowy transport Human & Hunter APTO firmie ważna jeszcze 18 dni (do 06 lut) Sosnowiec(śląskie) umowa o pracę tymczasową pełny etat pracownik fizyczny praca stacjonarna praca od zaraz szukamy wielu kandydatów(10 wakatów) pracodawca nie wymaga cv запрошуємо працівників з україн
"https://www.pracuj.pl/praca/android-developer-kotlin-warszawa,oferta,1004567142?s=1f7c2c91&searchId=MTc2ODgzMjgxMzUwMC4wMTM=","Przejdź do treści ogłoszenia Przejdź do panelu aplikowania Przejdź do panelu bocznego Przejdź do stopki Oferty pracy Pобота Profile pracodawców Porady i narzędzia Moje konto DLA FIRM Dodaj ogłoszenie Android Developer (Kotlin) GOLDENORE ITC sp. z o.o.O firmie ważna jeszcze 19 dni (do 07 lut) Warszawa(mazowieckie) umowa o pracę, kontrakt b2b pełny etat specjalista (mid / regular) praca hybrydowa praca od zaraz rekrutacja zdalna Asystent Pracuj.pl Podsumowanie oferty Wypróbuj nową funkcję - pomoże"
"https://www.pracuj.pl/praca/technik-specjalista-obslugi-obiektu-k-m-warszawa,oferta,1004570852?s=1f7c2c91&searchId=MTc2ODgzMjgxMzUwMC4wMTM=","Przejdź do treści ogłoszenia Przejdź do panelu aplikowania Przejdź do panelu bocznego Przejdź do stopki Oferty pracy Pобота Profile pracodawców Porady i narzędzia Moje konto DLA FIRM Dodaj ogłoszenie Technik - Specjalista Obsługi Obiektu (K/M) ENGIE SERVICES SPÓŁKA Z OGRANICZONĄ ODPOWIEDZIALNOŚCIĄO firmie ważna jeszcze 20 dni (do 08 lut) Warszawa(mazowieckie) umowa o pracę, umowa zlecenie pełny etat pracownik fizyczny praca stacjonarna praca od zaraz szukamy wielu kandydatów Asystent Pracuj.pl P"
"https://www.pracuj.pl/praca/mlodszy-specjalista-mlodsza-specjalistka-ds-rekrutacji-warszawa,oferta,1004570868?s=1f7c2c91&searchId=MTc2ODgzMjgxMzU1Ny4yNDI=","Przejdź do treści ogłoszenia Przejdź do panelu aplikowania Przejdź do panelu bocznego Przejdź do stopki Oferty pracy Pобота Profile pracodawców Porady i narzędzia Moje konto DLA FIRM Dodaj ogłoszenie Młodszy specjalista / Młodsza specjalistka ds. rekrutacji Imar Service Group sp. z o.oO firmie ważna jeszcze 20 dni (do 08 lut) Warszawa(mazowieckie) umowa o pracę, umowa zlecenie pełny etat specjalista (mid / regular) praca stacjonarna Asystent Pracuj.pl Podsumowanie oferty Wypróbuj nową funkcję - "
"https://www.pracuj.pl/praca/data-analyst-oltarzew-pow-warszawski-zachodni,oferta,1004582051?s=1f7c2c91&searchId=MTc2ODgzMjgxMzUwMC4wMTM=","Przejdź do treści ogłoszenia Przejdź do panelu aplikowania Przejdź do panelu bocznego Przejdź do stopki Oferty pracy Pобота Profile pracodawców Porady i narzędzia Moje konto DLA FIRM Dodaj ogłoszenie Data Analyst IT CONNECT Sp. z o.o. Sp. k.O firmie ważna jeszcze 25 dni (do 13 lut) 8 000 – 10 000 zł brutto / mies. | umowa o pracę Ołtarzew (pow. warszawski zachodni)(mazowieckie) umowa o pracę pełny etat młodszy specjalista (junior), specjalista (mid / regular) praca hybrydowa praca od zaraz rekru"
"https://www.pracuj.pl/praca/specjalista-specjalistka-ds-administracji-dzialu-petfood-nowy-tomysl,oferta,1004575654?s=1f7c2c91&searchId=MTc2ODgzMjgxMzU1Ny4yNDI=",Przejdź do treści ogłoszenia Przejdź do panelu aplikowania Przejdź do panelu bocznego Przejdź do stopki Oferty pracy Pобота Profile pracodawców Porady i narzędzia Moje konto DLA FIRM Dodaj ogłoszenie Specjalista / Specjalistka ds. administracji działu Petfood Erbacher the food familyO firmie ważna jeszcze 23 dni (do 11 lut) Nowy Tomyśl(wielkopolskie) umowa o pracę pełny etat specjalista (mid / regular) praca stacjonarna запрошуємо працівників з україни Asystent Pracuj.pl Podsumowanie oferty Wypr
"https://www.pracuj.pl/praca/magazynier-konfekcjoner-k-m-krakow,oferta,1004582093?s=1f7c2c91&searchId=MTc2ODgzMjgxMzU1Ny4yNDI=",Przejdź do treści ogłoszenia Przejdź do panelu aplikowania Przejdź do panelu bocznego Przejdź do stopki Oferty pracy Pобота Profile pracodawców Porady i narzędzia Moje konto DLA FIRM Dodaj ogłoszenie Magazynier - Konfekcjoner K/M Arvex Grobelny Sp. z o.o.O firmie ważna jeszcze 25 dni (do 13 lut) 4 806 – 5 500 zł brutto / mies. | umowa o pracę Kraków(małopolskie) umowa o pracę pełny etat pracownik fizyczny praca stacjonarna pracodawca nie wymaga cv Asystent Pracuj.pl Podsumowanie oferty Wypróbuj 
"https://www.pracuj.pl/praca/pielegniarz-pielegniarka-alergologia-warszawa-herbu-oksza-26,oferta,1004592389?s=1f7c2c91&searchId=MTc2ODgzMjgxMzUwMC4wMTM=","Przejdź do treści ogłoszenia Przejdź do panelu aplikowania Przejdź do panelu bocznego Przejdź do stopki Oferty pracy Pобота Profile pracodawców Porady i narzędzia Moje konto DLA FIRM Dodaj ogłoszenie Nowość Pielęgniarz/Pielęgniarka (Alergologia) LUX MED Sp. z o.o.O firmie ważna jeszcze miesiąc (do 18 lut) Herbu Oksza 26, Ursus, Warszawa(mazowieckie) umowa o pracę, umowa zlecenie, kontrakt b2b pełny etat, część etatu młodszy specjalista (junior), specjalista (mid / regular) praca stacjonarna Asys"
"https://www.pracuj.pl/praca/inzynier-budowy-majster-budowy-krepice-pow-sredzki,oferta,1004592400?s=1f7c2c91&searchId=MTc2ODgzMjgxMzUwMC4wMTM=","Przejdź do treści ogłoszenia Przejdź do panelu aplikowania Przejdź do panelu bocznego Przejdź do stopki Oferty pracy Pобота Profile pracodawców Porady i narzędzia Moje konto DLA FIRM Dodaj ogłoszenie Nowość Inżynier budowy - Majster budowy 2M DEWELOPER sp. z o.o. SKO firmie ważna jeszcze miesiąc (do 18 lut) 7 000 – 10 000 zł netto (+ VAT) / mies. | kontrakt B2B Krępice (pow. średzki)(dolnośląskie) kontrakt b2b pełny etat, część etatu kierownik / koordynator praca stacjonarna Asystent Pracuj.pl P"
"https://www.pracuj.pl/praca/doradca-doradczyni-klienta-zabki-radzyminska-303,oferta,1004570869?s=1f7c2c91&searchId=MTc2ODgzMjgxMzU1Ny4yNDI=","Przejdź do treści ogłoszenia Przejdź do panelu aplikowania Przejdź do panelu bocznego Przejdź do stopki Oferty pracy Pобота Profile pracodawców Porady i narzędzia Moje konto DLA FIRM Dodaj ogłoszenie Doradca / Doradczyni Klienta OBI Market BudowlanyO firmie ważna jeszcze 20 dni (do 08 lut) Radzymińska 303, Ząbki(mazowieckie) umowa o pracę pełny etat młodszy specjalista (junior), specjalista (mid / regular) praca stacjonarna Asystent Pracuj.pl Podsumowanie oferty Wypróbuj nową funkcję - pomoże Ci"
"https://www.pracuj.pl/praca/pracownik-sklepu-m-k-pila-fritsa-philipsa-1,oferta,1004560516?s=1f7c2c91&searchId=MTc2ODgzMjgxMzU1Ny4yNDI=","Przejdź do treści ogłoszenia Przejdź do panelu aplikowania Przejdź do panelu bocznego Przejdź do stopki Oferty pracy Pобота Profile pracodawców Porady i narzędzia Moje konto DLA FIRM Dodaj ogłoszenie Pracownik Sklepu (M/K) TEDi Sieć Handlowa Sp. z o.o.O firmie ważna jeszcze 16 dni (do 04 lut) 4 850 zł brutto / mies. | umowa o pracę Fritsa Philipsa 1, Piła(wielkopolskie) umowa o pracę pełny etat pracownik fizyczny praca stacjonarna запрошуємо працівників з україни Asystent Pracuj.pl Podsumowanie "
"https://www.pracuj.pl/praca/kadrowy-kadrowa-warszawa-pulawska-366,oferta,1004570850?s=1f7c2c91&searchId=MTc2ODgzMjgxMzUwMC4wMTM=","Przejdź do treści ogłoszenia Przejdź do panelu aplikowania Przejdź do panelu bocznego Przejdź do stopki Oferty pracy Pобота Profile pracodawców Porady i narzędzia Moje konto DLA FIRM Dodaj ogłoszenie Kadrowy / Kadrowa IMS S.A.O firmie ważna jeszcze 20 dni (do 08 lut) 9 000 – 11 000 zł netto (+ VAT) / mies. | kontrakt B2B Puławska 366, Ursynów, Warszawa(mazowieckie) kontrakt b2b pełny etat specjalista (mid / regular) praca stacjonarna Asystent Pracuj.pl Podsumowanie oferty Wypróbuj nową funkcję -"
"https://www.pracuj.pl/praca/doradca-klienta-m-k-n-ch-czeladz-czeladz-bedzinska-80,oferta,1004592387?s=1f7c2c91&searchId=MTc2ODgzMjgxMzUwMC4wMTM=","Przejdź do treści ogłoszenia Przejdź do panelu aplikowania Przejdź do panelu bocznego Przejdź do stopki Oferty pracy Pобота Profile pracodawców Porady i narzędzia Moje konto DLA FIRM Dodaj ogłoszenie Nowość Doradca klienta [m, k, n] CH Czeladź Wittchen S.A.O firmie ważna jeszcze miesiąc (do 18 lut) Będzińska 80, Czeladź(śląskie) umowa zlecenie część etatu pracownik fizyczny praca stacjonarna praca od zaraz Asystent Pracuj.pl Podsumowanie oferty Wypróbuj nową funkcję - pomoże Ci ocenić, czy ta of"
"https://www.pracuj.pl/praca/energetyk-energetyczka-w-dziale-utrzymania-ruchu-monki-adama-mickiewicza-54,oferta,1004575652?s=1f7c2c91&searchId=MTc2ODgzMjgxMzU1Ny4yNDI=","Przejdź do treści ogłoszenia Przejdź do panelu aplikowania Przejdź do panelu bocznego Przejdź do stopki Oferty pracy Pобота Profile pracodawców Porady i narzędzia Moje konto DLA FIRM Dodaj ogłoszenie Energetyk / Energetyczka w Dziale Utrzymania Ruchu Rekrutacja 360 - Pracuj.plO firmie ważna jeszcze 23 dni (do 11 lut) Adama Mickiewicza 54, Mońki(podlaskie) umowa o pracę pełny etat starszy specjalista (senior), ekspert praca stacjonarna Asystent Pracuj.pl Podsumowanie oferty Wypróbuj nową funkcję "
"https://www.pracuj.pl/praca/mlodszy-specjalista-mlodsza-specjalistka-ds-finansowych-opole-kepska-7,oferta,1004592388?s=1f7c2c91&searchId=MTc2ODgzMjgxMzUwMC4wMTM=","Przejdź do treści ogłoszenia Przejdź do panelu aplikowania Przejdź do panelu bocznego Przejdź do stopki Oferty pracy Pобота Profile pracodawców Porady i narzędzia Moje konto DLA FIRM Dodaj ogłoszenie Nowość Młodszy specjalista / Młodsza specjalistka ds. finansowych KARPIŃSKI PRAWDZIWE LODY SPÓŁKA Z OGRANICZONĄ ODPOWIEDZIALNOŚCIĄO firmie ważna jeszcze miesiąc (do 18 lut) 4 850 – 6 000 zł brutto / mies. | umowa o pracę Kępska 7, Opole(opolskie) umowa o pracę pełny etat młodszy specjalista (junior)"
"https://www.pracuj.pl/praca/dyrektor-dyrektorka-hotelu-pobierowo-pow-gryficki,oferta,1004570847?s=1f7c2c91&searchId=MTc2ODgzMjgxMzUwMC4wMTM=","Przejdź do treści ogłoszenia Przejdź do panelu aplikowania Przejdź do panelu bocznego Przejdź do stopki Oferty pracy Pобота Profile pracodawców Porady i narzędzia Moje konto DLA FIRM Dodaj ogłoszenie Dyrektor / Dyrektorka hotelu PINEA RESORT sp. z o.o.O firmie ważna jeszcze 20 dni (do 08 lut) Pobierowo (pow. gryficki)(zachodniopomorskie) umowa o pracę, kontrakt b2b pełny etat dyrektor praca stacjonarna praca od zaraz Asystent Pracuj.pl Podsumowanie oferty Wypróbuj nową funkcję - pomoże Ci ocenić"
"https://www.pracuj.pl/praca/kierownik-kierowniczka-rejonu-sprzedazy-wroclaw,oferta,1004592410?s=1f7c2c91&searchId=MTc2ODgzMjgxMzU1Ny4yNDI=","Przejdź do treści ogłoszenia Przejdź do panelu aplikowania Przejdź do panelu bocznego Przejdź do stopki Oferty pracy Pобота Profile pracodawców Porady i narzędzia Moje konto DLA FIRM Dodaj ogłoszenie Nowość Kierownik / Kierowniczka Rejonu Sprzedaży Lidl sp. z o.o. sp. k.O firmie ważna jeszcze miesiąc (do 15 lut) Wrocław(dolnośląskie) umowa o pracę pełny etat kierownik / koordynator praca mobilna Asystent Pracuj.pl Podsumowanie oferty Wypróbuj nową funkcję - pomoże Ci ocenić, czy ta oferta może b"
"https://www.pracuj.pl/praca/kucharz-zmianowy-k-m-kazimierz-dolny-pulawska-86,oferta,1004582027?s=1f7c2c91&searchId=MTc2ODgzMjgxMzUwMC4wMTM=","Przejdź do treści ogłoszenia Przejdź do panelu aplikowania Przejdź do panelu bocznego Przejdź do stopki Oferty pracy Pобота Profile pracodawców Porady i narzędzia Moje konto DLA FIRM Dodaj ogłoszenie Kucharz zmianowy (k/m) CENTRAL FUND OF IMMOVABLES sp. z o.o.O firmie ważna jeszcze 25 dni (do 13 lut) Puławska 86, Kazimierz Dolny(lubelskie) umowa o pracę pełny etat specjalista (mid / regular) praca stacjonarna Asystent Pracuj.pl Podsumowanie oferty Wypróbuj nową funkcję - pomoże Ci ocenić, czy ta"
"https://www.pracuj.pl/praca/glowny-ksiegowy-glowna-ksiegowa-warszawa-pulawska-366,oferta,1004570867?s=1f7c2c91&searchId=MTc2ODgzMjgxMzU1Ny4yNDI=","Przejdź do treści ogłoszenia Przejdź do panelu aplikowania Przejdź do panelu bocznego Przejdź do stopki Oferty pracy Pобота Profile pracodawców Porady i narzędzia Moje konto DLA FIRM Dodaj ogłoszenie Główny Księgowy / Głowna Księgowa IMS S.A.O firmie ważna jeszcze 20 dni (do 08 lut) 20 000 – 27 000 zł netto (+ VAT) / mies. | kontrakt B2B Puławska 366, Ursynów, Warszawa(mazowieckie) kontrakt b2b pełny etat specjalista (mid / regular) praca stacjonarna Asystent Pracuj.pl Podsumowanie oferty Wyprób"
"https://www.pracuj.pl/praca/project-manager-produkcji-lublin,oferta,1004592391?s=1f7c2c91&searchId=MTc2ODgzMjgxMzUwMC4wMTM=","Przejdź do treści ogłoszenia Przejdź do panelu aplikowania Przejdź do panelu bocznego Przejdź do stopki Oferty pracy Pобота Profile pracodawców Porady i narzędzia Moje konto DLA FIRM Dodaj ogłoszenie Nowość Project Manager Produkcji ADAMANTA sp. z o.o.O firmie ważna jeszcze miesiąc (do 18 lut) Lublin(lubelskie) umowa o pracę, kontrakt b2b pełny etat menedżer praca stacjonarna praca od zaraz Asystent Pracuj.pl Podsumowanie oferty Wypróbuj nową funkcję - pomoże Ci ocenić, czy ta oferta może być dl"
"https://www.pracuj.pl/praca/zastepca-kierownika-laboratorium-medycznego-k-m-szczecin,oferta,1004555343?s=1f7c2c91&searchId=MTc2ODgzMjgxMzU1Ny4yNDI=","Przejdź do treści ogłoszenia Przejdź do panelu aplikowania Przejdź do panelu bocznego Przejdź do stopki Oferty pracy Pобота Profile pracodawców Porady i narzędzia Moje konto DLA FIRM Dodaj ogłoszenie Zastępca Kierownika Laboratorium Medycznego (k/m) Synevo Sp. z o.o.O firmie ważna jeszcze 10 dni (do 29 sty) Szczecin(zachodniopomorskie) umowa o pracę pełny etat kierownik / koordynator praca stacjonarna praca od zaraz Asystent Pracuj.pl Podsumowanie oferty Wypróbuj nową funkcję - pomoże Ci ocenić,"
"https://www.pracuj.pl/praca/senior-associate-starszy-a-prawnik-czka-w-zespole-prawa-pracy-warszawa-towarowa-28,oferta,1004570870?s=1f7c2c91&searchId=MTc2ODgzMjgxMzU1Ny4yNDI=","Przejdź do treści ogłoszenia Przejdź do panelu aplikowania Przejdź do panelu bocznego Przejdź do stopki Oferty pracy Pобота Profile pracodawców Porady i narzędzia Moje konto DLA FIRM Dodaj ogłoszenie Senior Associate (Starszy/a Prawnik/czka) w zespole Prawa Pracy CRIDOO firmie ważna jeszcze 20 dni (do 08 lut) Towarowa 28, Wola, Warszawa(mazowieckie) kontrakt b2b pełny etat starszy specjalista (senior), ekspert praca hybrydowa Asystent Pracuj.pl Podsumowanie oferty Wypróbuj nową funkcję - pomoże "
"https://www.pracuj.pl/praca/kierownik-kierowniczka-rejonu-sprzedazy-opole,oferta,1004592412?s=1f7c2c91&searchId=MTc2ODgzMjgxMzU1Ny4yNDI=","Przejdź do treści ogłoszenia Przejdź do panelu aplikowania Przejdź do panelu bocznego Przejdź do stopki Oferty pracy Pобота Profile pracodawców Porady i narzędzia Moje konto DLA FIRM Dodaj ogłoszenie Nowość Kierownik / Kierowniczka Rejonu Sprzedaży Lidl sp. z o.o. sp. k.O firmie ważna jeszcze miesiąc (do 15 lut) Opole(opolskie) umowa o pracę pełny etat kierownik / koordynator praca mobilna Asystent Pracuj.pl Podsumowanie oferty Wypróbuj nową funkcję - pomoże Ci ocenić, czy ta oferta może być dla"
"https://www.pracuj.pl/praca/specjalista-tka-ds-plac-warszawa-ludwika-rydygiera-15,oferta,1004592411?s=1f7c2c91&searchId=MTc2ODgzMjgxMzU1Ny4yNDI=","Przejdź do treści ogłoszenia Przejdź do panelu aplikowania Przejdź do panelu bocznego Przejdź do stopki Oferty pracy Pобота Profile pracodawców Porady i narzędzia Moje konto DLA FIRM Dodaj ogłoszenie Nowość Specjalista/tka ds. Płac WAGAS S.A.O firmie ważna jeszcze miesiąc (do 18 lut) Ludwika Rydygiera 15, Żoliborz, Warszawa(mazowieckie) umowa o pracę pełny etat specjalista (mid / regular) praca stacjonarna Asystent Pracuj.pl Podsumowanie oferty Wypróbuj nową funkcję - pomoże Ci ocenić, czy ta of"
"https://www.pracuj.pl/praca/pomoc-kuchenna-m-k-kazimierz-dolny-pulawska-86,oferta,1004582026?s=1f7c2c91&searchId=MTc2ODgzMjgxMzUwMC4wMTM=","Przejdź do treści ogłoszenia Przejdź do panelu aplikowania Przejdź do panelu bocznego Przejdź do stopki Oferty pracy Pобота Profile pracodawców Porady i narzędzia Moje konto DLA FIRM Dodaj ogłoszenie Pomoc kuchenna (m/k) CENTRAL FUND OF IMMOVABLES sp. z o.o.O firmie ważna jeszcze 25 dni (do 13 lut) Puławska 86, Kazimierz Dolny(lubelskie) umowa o pracę pełny etat specjalista (mid / regular) praca stacjonarna Asystent Pracuj.pl Podsumowanie oferty Wypróbuj nową funkcję - pomoże Ci ocenić, czy ta o"
"https://www.pracuj.pl/praca/programista-net-regular-systemy-bankowe-backend-warszawa,oferta,1004567135?s=1f7c2c91&searchId=MTc2ODgzMjgxMzUwMC4wMTM=","Przejdź do treści ogłoszenia Przejdź do panelu aplikowania Przejdź do panelu bocznego Przejdź do stopki Oferty pracy Pобота Profile pracodawców Porady i narzędzia Moje konto DLA FIRM Dodaj ogłoszenie Programista .NET (Regular) – systemy bankowe / backend GOLDENORE ITC sp. z o.o.O firmie ważna jeszcze 19 dni (do 07 lut) Warszawa(mazowieckie) umowa o pracę, kontrakt b2b pełny etat specjalista (mid / regular), starszy specjalista (senior) praca hybrydowa praca od zaraz rekrutacja zdalna Asystent Pr"
"https://www.pracuj.pl/praca/kierownik-kierowniczka-robot-mostowych-bydgoszcz-bialostocka-10a,oferta,1004592407?s=1f7c2c91&searchId=MTc2ODgzMjgxMzU1Ny4yNDI=","Przejdź do treści ogłoszenia Przejdź do panelu aplikowania Przejdź do panelu bocznego Przejdź do stopki Oferty pracy Pобота Profile pracodawców Porady i narzędzia Moje konto DLA FIRM Dodaj ogłoszenie Nowość Kierownik / Kierowniczka Robót Mostowych POLAQUA Sp. z o.o.O firmie ważna jeszcze miesiąc (do 18 lut) Białostocka 10a, Bydgoszcz(kujawsko-pomorskie) umowa o pracę pełny etat kierownik / koordynator praca stacjonarna Asystent Pracuj.pl Podsumowanie oferty Wypróbuj nową funkcję - pomoże Ci ocen"
"https://www.pracuj.pl/praca/specjalista-specjalistka-ds-administracji-recepcjonista-recepcjonistka-warszawa-postepu-14,oferta,1004528264?s=1f7c2c91&searchId=MTc2ODgzMjgxMzU1Ny4yNDI=","Przejdź do treści ogłoszenia Przejdź do panelu aplikowania Przejdź do panelu bocznego Przejdź do stopki Oferty pracy Pобота Profile pracodawców Porady i narzędzia Moje konto DLA FIRM Dodaj ogłoszenie Specjalista / Specjalistka ds. Administracji - Recepcjonista / Recepcjonistka Samsung Electronics PolskaO firmie ważna jeszcze 4 dni (do 23 sty) Postępu 14, Mokotów, Warszawa(mazowieckie) umowa o pracę pełny etat specjalista (mid / regular) praca stacjonarna Asystent Pracuj.pl Podsumowanie oferty Wy"
"https://www.pracuj.pl/praca/zastepca-kierownika-sklepu-m-k-bydgoszcz,oferta,1004560511?s=1f7c2c91&searchId=MTc2ODgzMjgxMzU1Ny4yNDI=",Przejdź do treści ogłoszenia Przejdź do panelu aplikowania Przejdź do panelu bocznego Przejdź do stopki Oferty pracy Pобота Profile pracodawców Porady i narzędzia Moje konto DLA FIRM Dodaj ogłoszenie Zastępca Kierownika Sklepu (M/K) TEDi Sieć Handlowa Sp. z o.o.O firmie ważna jeszcze 16 dni (do 04 lut) 5 500 – 6 000 zł brutto / mies. | umowa o pracę Bydgoszcz(kujawsko-pomorskie) umowa o pracę pełny etat kierownik / koordynator praca stacjonarna Asystent Pracuj.pl Podsumowanie oferty Wypróbuj now
"https://www.pracuj.pl/praca/aplikant-aplikantka-do-dzialu-prawa-karnego-poznan-grunwaldzka-38,oferta,1004570842?s=1f7c2c91&searchId=MTc2ODgzMjgxMzUwMC4wMTM=","Przejdź do treści ogłoszenia Przejdź do panelu aplikowania Przejdź do panelu bocznego Przejdź do stopki Oferty pracy Pобота Profile pracodawców Porady i narzędzia Moje konto DLA FIRM Dodaj ogłoszenie Aplikant / Aplikantka do Działu Prawa Karnego FILIPIAK BABICZ LEGAL sp.k.O firmie ważna jeszcze 20 dni (do 08 lut) 6 600 – 9 500 zł netto (+ VAT) / mies. | kontrakt B2B Grunwaldzka 38, Grunwald, Poznań(wielkopolskie) kontrakt b2b pełny etat młodszy specjalista (junior) praca stacjonarna, praca hybry"
"https://www.pracuj.pl/praca/doradca-klienta-wittchen-m-k-n-ch-m1-poznan-poznan-szwajcarska-14,oferta,1004592386?s=1f7c2c91&searchId=MTc2ODgzMjgxMzUwMC4wMTM=","Przejdź do treści ogłoszenia Przejdź do panelu aplikowania Przejdź do panelu bocznego Przejdź do stopki Oferty pracy Pобота Profile pracodawców Porady i narzędzia Moje konto DLA FIRM Dodaj ogłoszenie Nowość Doradca Klienta WITTCHEN [m,k,n], CH M1 Poznań Wittchen S.A.O firmie ważna jeszcze miesiąc (do 18 lut) Szwajcarska 14, Nowe Miasto, Poznań(wielkopolskie) umowa zlecenie część etatu pracownik fizyczny praca stacjonarna praca od zaraz Asystent Pracuj.pl Podsumowanie oferty Wypróbuj nową funkcję"
"https://www.pracuj.pl/praca/buyer-with-polish-and-english-language-finnish-or-swedish-will-be-an-advantage-gdansk-jana-heweliusza-18,oferta,1004582038?s=1f7c2c91&searchId=MTc2ODgzMjgxMzUwMC4wMTM=","Przejdź do treści ogłoszenia Przejdź do panelu aplikowania Przejdź do panelu bocznego Przejdź do stopki Oferty pracy Pобота Profile pracodawców Porady i narzędzia Moje konto DLA FIRM Dodaj ogłoszenie Buyer with Polish and English language (Finnish or Swedish will be an advantage) Metsa Group Services sp. z o.o.About the company valid for 25 days (to 13 Feb) Jana Heweliusza 18, Gdańsk(Pomeranian) contract of employment full-time specialist (mid / regular) hybrid work Asystent Pracuj.pl Podsumowan"
"https://www.pracuj.pl/praca/leasing-manager-powierzchnia-magazynowa-warszawa-zajecza-2b,oferta,1004570846?s=1f7c2c91&searchId=MTc2ODgzMjgxMzUwMC4wMTM=","Przejdź do treści ogłoszenia Przejdź do panelu aplikowania Przejdź do panelu bocznego Przejdź do stopki Oferty pracy Pобота Profile pracodawców Porady i narzędzia Moje konto DLA FIRM Dodaj ogłoszenie Leasing manager (powierzchnia magazynowa) WHITE STAR REAL ESTATE sp. z o.o.O firmie ważna jeszcze 20 dni (do 08 lut) Zajęcza 2b, Śródmieście, Warszawa(mazowieckie) umowa o pracę pełny etat specjalista (mid / regular) praca stacjonarna praca od zaraz Asystent Pracuj.pl Podsumowanie oferty Wypróbuj no"
"https://www.pracuj.pl/praca/specjalista-specjalistka-ds-zamowien-publicznych-tychy-marszalka-jozefa-pilsudskiego-12,oferta,1004582025?s=1f7c2c91&searchId=MTc2ODgzMjgxMzUwMC4wMTM=","Przejdź do treści ogłoszenia Przejdź do panelu aplikowania Przejdź do panelu bocznego Przejdź do stopki Oferty pracy Pобота Profile pracodawców Porady i narzędzia Moje konto DLA FIRM Dodaj ogłoszenie Specjalista / Specjalistka ds. zamówień publicznych Regionalne Centrum Gospodarki Wodno - Ściekowej S.A.O firmie ważna jeszcze 25 dni (do 13 lut) Marszałka Józefa Piłsudskiego 12, Tychy(śląskie) umowa o pracę pełny etat specjalista (mid / regular) praca stacjonarna Asystent Pracuj.pl Podsumowanie of"
"https://www.pracuj.pl/praca/guidewire-developer-warszawa,oferta,1004567127?s=1f7c2c91&searchId=MTc2ODgzMjgxMzUwMC4wMTM=","Przejdź do treści ogłoszenia Przejdź do panelu aplikowania Przejdź do panelu bocznego Przejdź do stopki Oferty pracy Pобота Profile pracodawców Porady i narzędzia Moje konto DLA FIRM Dodaj ogłoszenie Guidewire Developer GOLDENORE ITC sp. z o.o.O firmie ważna jeszcze 19 dni (do 07 lut) Warszawa(mazowieckie) umowa o pracę, kontrakt b2b pełny etat specjalista (mid / regular) praca hybrydowa praca od zaraz rekrutacja zdalna Asystent Pracuj.pl Podsumowanie oferty Wypróbuj nową funkcję - pomoże Ci oce"
"https://www.pracuj.pl/praca/mlodszy-asystent-mlodsza-asystentka-diagnostyki-laboratoryjnej-krakow-ujastek-3,oferta,1004555342?s=1f7c2c91&searchId=MTc2ODgzMjgxMzU1Ny4yNDI=","Przejdź do treści ogłoszenia Przejdź do panelu aplikowania Przejdź do panelu bocznego Przejdź do stopki Oferty pracy Pобота Profile pracodawców Porady i narzędzia Moje konto DLA FIRM Dodaj ogłoszenie Młodszy Asystent / Młodsza Asystentka Diagnostyki Laboratoryjnej Synevo Sp. z o.o.O firmie ważna jeszcze 10 dni (do 29 sty) Ujastek 3, Nowa Huta, Kraków(małopolskie) umowa o pracę, umowa zlecenie pełny etat, dodatkowa / tymczasowa młodszy specjalista (junior), specjalista (mid / regular) praca stacj"
"https://www.pracuj.pl/praca/pracownik-sklepu-m-k-plock-wyszogrodzka-144,oferta,1004560513?s=1f7c2c91&searchId=MTc2ODgzMjgxMzU1Ny4yNDI=","Przejdź do treści ogłoszenia Przejdź do panelu aplikowania Przejdź do panelu bocznego Przejdź do stopki Oferty pracy Pобота Profile pracodawców Porady i narzędzia Moje konto DLA FIRM Dodaj ogłoszenie Pracownik Sklepu (M/K) TEDi Sieć Handlowa Sp. z o.o.O firmie ważna jeszcze 16 dni (do 04 lut) 4 850 – 4 900 zł brutto / mies. | umowa o pracę Wyszogrodzka 144, Podolszyce, Płock(mazowieckie) umowa o pracę pełny etat pracownik fizyczny praca stacjonarna запрошуємо працівників з україни Asystent Pracu"
"https://www.pracuj.pl/praca/mlodszy-a-specjalista-ka-ds-sprzedazy-dji-store-warszawa-marynarska-15,oferta,1004575633?s=1f7c2c91&searchId=MTc2ODgzMjgxMzUwMC4wMTM=","Przejdź do treści ogłoszenia Przejdź do panelu aplikowania Przejdź do panelu bocznego Przejdź do stopki Oferty pracy Pобота Profile pracodawców Porady i narzędzia Moje konto DLA FIRM Dodaj ogłoszenie Młodszy/a specjalista/ka ds.sprzedaży DJI Store INNPRO ROBERT BŁĘDOWSKI sp. z o.o.O firmie ważna jeszcze 23 dni (do 11 lut) 5 500 – 6 700 zł brutto / mies. | umowa o pracę Marynarska 15, Mokotów, Warszawa(mazowieckie) umowa o pracę pełny etat młodszy specjalista (junior) praca stacjonarna Asystent P"
"https://www.pracuj.pl/praca/business-analyst-rpa-warszawa,oferta,1004567151?s=1f7c2c91&searchId=MTc2ODgzMjgxMzU1Ny4yNDI=","Przejdź do treści ogłoszenia Przejdź do panelu aplikowania Przejdź do panelu bocznego Przejdź do stopki Oferty pracy Pобота Profile pracodawców Porady i narzędzia Moje konto DLA FIRM Dodaj ogłoszenie Business Analyst - RPA CycladAbout the company valid for 19 days (to 07 Feb) 150,00 zł net (+ VAT) / hr. | B2B contract Warszawa(Masovian) b2b contract full-time senior specialist (senior) hybrid work immediate employment remote recruitment Asystent Pracuj.pl Podsumowanie oferty Wypróbuj nową funkcj"
"https://www.pracuj.pl/praca/programista-programistka-c%2b%2b-qt-krasnik,oferta,1004592111?s=1f7c2c91&searchId=MTc2ODgzMjgxMzUwMC4wMTM=","Przejdź do treści ogłoszenia Przejdź do panelu aplikowania Przejdź do panelu bocznego Przejdź do stopki Oferty pracy Pобота Profile pracodawców Porady i narzędzia Moje konto DLA FIRM Dodaj ogłoszenie Programista / Programistka C++ / QT B2B.NET S.A.O firmie ważna jeszcze miesiąc (do 15 lut) Siedziba firmy: Kraśnik(lubelskie) Miejsce pracy: Cała Polska (praca zdalna) kontrakt b2b specjalista (mid / regular), starszy specjalista (senior) praca zdalna Asystent Pracuj.pl Podsumowanie oferty Wypróbuj "
"https://www.pracuj.pl/praca/specjalista-ds-rozwoju-jakosci-dostawcow-k-m-n-siedlce-targowa-50,oferta,1004592381?s=1f7c2c91&searchId=MTc2ODgzMjgxMzUwMC4wMTM=","Przejdź do treści ogłoszenia Przejdź do panelu aplikowania Przejdź do panelu bocznego Przejdź do stopki Oferty pracy Pобота Profile pracodawców Porady i narzędzia Moje konto DLA FIRM Dodaj ogłoszenie Nowość Specjalista ds. Rozwoju Jakości Dostawców (K/M/N) Stadler Polska Sp. z o.o.O firmie ważna jeszcze miesiąc (do 18 lut) Targowa 50, Siedlce(mazowieckie) umowa o pracę pełny etat specjalista (mid / regular), starszy specjalista (senior) praca mobilna(Wyjazdy służbowe w częstotliwości ok 80% - lo"
"https://www.pracuj.pl/praca/zastepca-zastepczyni-glownego-ksiegowego-glownej-ksiegowej-warszawa-pulawska-366,oferta,1004570861?s=1f7c2c91&searchId=MTc2ODgzMjgxMzU1Ny4yNDI=","Przejdź do treści ogłoszenia Przejdź do panelu aplikowania Przejdź do panelu bocznego Przejdź do stopki Oferty pracy Pобота Profile pracodawców Porady i narzędzia Moje konto DLA FIRM Dodaj ogłoszenie Zastępca/Zastępczyni Głównego Księgowego/Głównej Księgowej IMS S.A.O firmie ważna jeszcze 20 dni (do 08 lut) 15 000 – 19 000 zł netto (+ VAT) / mies. | kontrakt B2B Puławska 366, Ursynów, Warszawa(mazowieckie) kontrakt b2b pełny etat specjalista (mid / regular) praca stacjonarna Asystent Pracuj.pl P"
"https://www.pracuj.pl/praca/consolidation-and-reporting-specialist-warszawa-aleja-jana-pawla-ii-27,oferta,1004592408?s=1f7c2c91&searchId=MTc2ODgzMjgxMzU1Ny4yNDI=","Przejdź do treści ogłoszenia Przejdź do panelu aplikowania Przejdź do panelu bocznego Przejdź do stopki Oferty pracy Pобота Profile pracodawców Porady i narzędzia Moje konto DLA FIRM Dodaj ogłoszenie New Consolidation and Reporting Specialist Dentons Business Services EMEAAbout the company valid for a month (to 18 Feb) aleja Jana Pawła II 27, Warszawa(Masovian) contract of employment full-time specialist (mid / regular) hybrid work Asystent Pracuj.pl Podsumowanie oferty Wypróbuj nową funkcję - p"
"https://www.pracuj.pl/praca/pracownik-magazynowo-produkcyjny-dabrowa-gornicza-budowlanych-10,oferta,1004570844?s=1f7c2c91&searchId=MTc2ODgzMjgxMzUwMC4wMTM=","Przejdź do treści ogłoszenia Przejdź do panelu aplikowania Przejdź do panelu bocznego Przejdź do stopki Oferty pracy Pобота Profile pracodawców Porady i narzędzia Moje konto DLA FIRM Dodaj ogłoszenie Pracownik Magazynowo - Produkcyjny BP2 SP. Z O.O.O firmie ważna jeszcze 20 dni (do 08 lut) Budowlanych 10, Dąbrowa Górnicza(śląskie) umowa o pracę pełny etat pracownik fizyczny praca stacjonarna praca od zaraz Asystent Pracuj.pl Podsumowanie oferty Wypróbuj nową funkcję - pomoże Ci ocenić, czy ta of"
"https://www.pracuj.pl/praca/pracownik-sklepu-m-k-inowroclaw-swietego-ducha-55,oferta,1004560512?s=1f7c2c91&searchId=MTc2ODgzMjgxMzU1Ny4yNDI=","Przejdź do treści ogłoszenia Przejdź do panelu aplikowania Przejdź do panelu bocznego Przejdź do stopki Oferty pracy Pобота Profile pracodawców Porady i narzędzia Moje konto DLA FIRM Dodaj ogłoszenie Pracownik Sklepu (M/K) TEDi Sieć Handlowa Sp. z o.o.O firmie ważna jeszcze 16 dni (do 04 lut) 3 637,50 zł brutto / mies. | umowa o pracę Świętego Ducha 55, Inowrocław(kujawsko-pomorskie) umowa o pracę część etatu pracownik fizyczny praca stacjonarna запрошуємо працівників з україни Asystent Pracuj.p"
"https://www.pracuj.pl/praca/pracownik-sklepu-m-k-plock-wyszogrodzka-144,oferta,1004560514?s=1f7c2c91&searchId=MTc2ODgzMjgxMzU1Ny4yNDI=","Przejdź do treści ogłoszenia Przejdź do panelu aplikowania Przejdź do panelu bocznego Przejdź do stopki Oferty pracy Pобота Profile pracodawców Porady i narzędzia Moje konto DLA FIRM Dodaj ogłoszenie Pracownik Sklepu (M/K) TEDi Sieć Handlowa Sp. z o.o.O firmie ważna jeszcze 16 dni (do 04 lut) 3 637,50 zł brutto / mies. | umowa o pracę Wyszogrodzka 144, Podolszyce, Płock(mazowieckie) umowa o pracę część etatu pracownik fizyczny praca stacjonarna запрошуємо працівників з україни Asystent Pracuj.pl"
"https://www.pracuj.pl/praca/end-user-support-specialist-kutno,oferta,1004567152?s=1f7c2c91&searchId=MTc2ODgzMjgxMzU1Ny4yNDI=","Przejdź do treści ogłoszenia Przejdź do panelu aplikowania Przejdź do panelu bocznego Przejdź do stopki Oferty pracy Pобота Profile pracodawców Porady i narzędzia Moje konto DLA FIRM Dodaj ogłoszenie End User Support Specialist ITP IT PERFORMANCE sp. z o.o.O firmie ważna jeszcze 19 dni (do 07 lut) 75,00 – 95,00 zł netto (+ VAT) / godz. | kontrakt B2B Kutno(łódzkie) kontrakt b2b pełny etat specjalista (mid / regular) praca stacjonarna praca od zaraz rekrutacja zdalna Asystent Pracuj.pl Podsumowan"
"https://www.pracuj.pl/praca/cybersecurity-governance-risk-and-compliance-specialist-paproc-pow-nowotomyski-lesna-35,oferta,1004575650?s=1f7c2c91&searchId=MTc2ODgzMjgxMzU1Ny4yNDI=","Przejdź do treści ogłoszenia Przejdź do panelu aplikowania Przejdź do panelu bocznego Przejdź do stopki Oferty pracy Pобота Profile pracodawców Porady i narzędzia Moje konto DLA FIRM Dodaj ogłoszenie Cybersecurity: Governance, Risk and Compliance Specialist Erbacher the food familyO firmie ważna jeszcze 23 dni (do 11 lut) Siedziba firmy: Leśna 35, Paproć (pow. nowotomyski)(wielkopolskie) Miejsce pracy: Cała Polska (praca zdalna) umowa o pracę pełny etat specjalista (mid / regular) praca zdalna з"
"https://www.pracuj.pl/praca/lider-liderka-ochrony-na-obiekcie-biurowym-warszawa,oferta,1004582084?s=1f7c2c91&searchId=MTc2ODgzMjgxMzU1Ny4yNDI=",Przejdź do treści ogłoszenia Przejdź do panelu aplikowania Przejdź do panelu bocznego Przejdź do stopki Oferty pracy Pобота Profile pracodawców Porady i narzędzia Moje konto DLA FIRM Dodaj ogłoszenie Lider/Liderka ochrony na obiekcie biurowym REKRUTON SPÓŁKA Z OGRANICZONĄ ODPOWIEDZIALNOŚCIĄO firmie ważna jeszcze 25 dni (do 13 lut) Warszawa(mazowieckie) umowa zlecenie pełny etat kierownik / koordynator praca stacjonarna praca od zaraz Asystent Pracuj.pl Podsumowanie oferty Wypróbuj nową funkcję -
"https://www.pracuj.pl/praca/asystent-asystentka-ds-obslugi-pacjenta-lux-med-krakow-aleja-pokoju-18c,oferta,1004584597?s=1f7c2c91&searchId=MTc2ODgzMjgxMzU1Ny4yNDI=","Przejdź do treści ogłoszenia Przejdź do panelu aplikowania Przejdź do panelu bocznego Przejdź do stopki Oferty pracy Pобота Profile pracodawców Porady i narzędzia Moje konto DLA FIRM Dodaj ogłoszenie Asystent/Asystentka ds. Obsługi Pacjenta LUX MED LUX MED Sp. z o.o.O firmie ważna jeszcze 25 dni (do 13 lut) Aleja Pokoju 18C, Grzegórzki, Kraków(małopolskie) umowa zlecenie część etatu asystent, młodszy specjalista (junior) praca stacjonarna Asystent Pracuj.pl Podsumowanie oferty Wypróbuj nową funk"
"https://www.pracuj.pl/praca/serwisant-serwisantka-systemow-zabezpieczen-elektronicznych-warszawa,oferta,1004592405?s=1f7c2c91&searchId=MTc2ODgzMjgxMzU1Ny4yNDI=","Przejdź do treści ogłoszenia Przejdź do panelu aplikowania Przejdź do panelu bocznego Przejdź do stopki Oferty pracy Pобота Profile pracodawców Porady i narzędzia Moje konto DLA FIRM Dodaj ogłoszenie Nowość Serwisant / Serwisantka Systemów Zabezpieczeń Elektronicznych INSTOM Sp. z o.o.O firmie ważna jeszcze miesiąc (do 18 lut) Warszawa(mazowieckie) umowa o pracę, kontrakt b2b pełny etat pracownik fizyczny praca mobilna praca od zaraz Asystent Pracuj.pl Podsumowanie oferty Wypróbuj nową funkcję -"
"https://www.pracuj.pl/praca/pracownik-produkcji-nowogard,oferta,1004563806?s=1f7c2c91&searchId=MTc2ODgzMjgxMzUwMC4wMTM=","Przejdź do treści ogłoszenia Przejdź do panelu aplikowania Przejdź do panelu bocznego Przejdź do stopki Oferty pracy Pобота Profile pracodawców Porady i narzędzia Moje konto DLA FIRM Dodaj ogłoszenie Pracownik produkcji ManpowerO firmie ważna jeszcze 18 dni (do 06 lut) Nowogard(zachodniopomorskie) umowa o pracę tymczasową pracownik fizyczny praca stacjonarna Asystent Pracuj.pl Podsumowanie oferty Wypróbuj nową funkcję - pomoże Ci ocenić, czy ta oferta może być dla Ciebie. Pokaż podsumowanie Doda"
"https://www.pracuj.pl/praca/projektant-projektantka-programista-programistka-bydgoszcz-jagiellonska-17,oferta,1004592406?s=1f7c2c91&searchId=MTc2ODgzMjgxMzU1Ny4yNDI=","Przejdź do treści ogłoszenia Przejdź do panelu aplikowania Przejdź do panelu bocznego Przejdź do stopki Oferty pracy Pобота Profile pracodawców Porady i narzędzia Moje konto DLA FIRM Dodaj ogłoszenie Nowość Projektant / Projektantka – Programista / Programistka Bank Pocztowy S.A.O firmie ważna jeszcze miesiąc (do 18 lut) Jagiellońska 17, Bydgoszcz(kujawsko-pomorskie) umowa o pracę pełny etat starszy specjalista (senior) praca hybrydowa praca od zaraz rekrutacja zdalna Asystent Pracuj.pl Podsumow"
"https://www.pracuj.pl/praca/devops-engineer-warszawa,oferta,1004567139?s=1f7c2c91&searchId=MTc2ODgzMjgxMzUwMC4wMTM=","Przejdź do treści ogłoszenia Przejdź do panelu aplikowania Przejdź do panelu bocznego Przejdź do stopki Oferty pracy Pобота Profile pracodawców Porady i narzędzia Moje konto DLA FIRM Dodaj ogłoszenie DevOps Engineer GOLDENORE ITC sp. z o.o.O firmie ważna jeszcze 19 dni (do 07 lut) Warszawa(mazowieckie) umowa o pracę, kontrakt b2b pełny etat specjalista (mid / regular), starszy specjalista (senior) praca hybrydowa praca od zaraz rekrutacja zdalna Asystent Pracuj.pl Podsumowanie oferty Wypróbuj no"
"https://www.pracuj.pl/praca/portier-warszawa-ksiezycowa-5,oferta,1004575635?s=1f7c2c91&searchId=MTc2ODgzMjgxMzUwMC4wMTM=","Przejdź do treści ogłoszenia Przejdź do panelu aplikowania Przejdź do panelu bocznego Przejdź do stopki Oferty pracy Pобота Profile pracodawców Porady i narzędzia Moje konto DLA FIRM Dodaj ogłoszenie Portier LOTNICZE POGOTOWIE RATUNKOWEO firmie ważna jeszcze 23 dni (do 11 lut) Księżycowa 5, Bemowo, Warszawa(mazowieckie) umowa o pracę pełny etat pracownik fizyczny praca stacjonarna Asystent Pracuj.pl Podsumowanie oferty Wypróbuj nową funkcję - pomoże Ci ocenić, czy ta oferta może być dla Ciebie. "
"https://www.pracuj.pl/praca/bonding-tooling-engineering-senior-specialist-goleniow,oferta,1004560510?s=1f7c2c91&searchId=MTc2ODgzMjgxMzU1Ny4yNDI=","Przejdź do treści ogłoszenia Przejdź do panelu aplikowania Przejdź do panelu bocznego Przejdź do stopki Oferty pracy Pобота Profile pracodawców Porady i narzędzia Moje konto DLA FIRM Dodaj ogłoszenie Bonding Tooling Engineering - Senior Specialist WINDSTREAM SERVICES sp. z o.o.O firmie ważna jeszcze 16 dni (do 04 lut) Goleniów(zachodniopomorskie) kontrakt b2b pełny etat starszy specjalista (senior) praca stacjonarna Asystent Pracuj.pl Podsumowanie oferty Wypróbuj nową funkcję - pomoże Ci ocenić,"
"https://www.pracuj.pl/praca/pracownik-ochrony-market-spozywczy-polkowice,oferta,1004548003?s=1f7c2c91&searchId=MTc2ODgzMjgxMzUwMC4wMTM=","Przejdź do treści ogłoszenia Przejdź do panelu aplikowania Przejdź do panelu bocznego Przejdź do stopki Oferty pracy Pобота Profile pracodawców Porady i narzędzia Moje konto DLA FIRM Dodaj ogłoszenie Pracownik ochrony - market spożywczy SERIS KONSALNET HOLDING S.A.O firmie ważna jeszcze 2 dni (do 21 sty) 31,50 zł brutto / godz. | umowa zlecenie Polkowice(dolnośląskie) umowa zlecenie pełny etat pracownik fizyczny praca stacjonarna praca od zaraz Asystent Pracuj.pl Podsumowanie oferty Wypróbuj now"
"https://www.pracuj.pl/praca/starszy-a-specjalista-ka-koordynator-ka-finansowy-a-projektow-warszawa-kolska-12,oferta,1004570866?s=1f7c2c91&searchId=MTc2ODgzMjgxMzU1Ny4yNDI=","Przejdź do treści ogłoszenia Przejdź do panelu aplikowania Przejdź do panelu bocznego Przejdź do stopki Oferty pracy Pобота Profile pracodawców Porady i narzędzia Moje konto DLA FIRM Dodaj ogłoszenie Starszy/a Specjalista/ka - Koordynator/ka Finansowy/a Projektów NASKO firmie ważna jeszcze 20 dni (do 08 lut) 11 000 – 13 000 zł brutto / mies. | umowa o pracę Kolska 12, Wola, Warszawa(mazowieckie) umowa o pracę pełny etat starszy specjalista (senior) praca hybrydowa praca od zaraz rekrutacja zdaln"
"https://www.pracuj.pl/praca/przedstawiciel-handlowy-przedstawicielka-handlowa-branza-budowlana-sroda-wielkopolska-zakladowa-5,oferta,1004592379?s=1f7c2c91&searchId=MTc2ODgzMjgxMzUwMC4wMTM=","Przejdź do treści ogłoszenia Przejdź do panelu aplikowania Przejdź do panelu bocznego Przejdź do stopki Oferty pracy Pобота Profile pracodawców Porady i narzędzia Moje konto DLA FIRM Dodaj ogłoszenie Nowość Przedstawiciel handlowy / Przedstawicielka handlowa - branża budowlana KAS-BUD spółka z ograniczoną odpowiedzialnością sp. k.O firmie ważna jeszcze miesiąc (do 18 lut) Zakładowa 5, Środa Wielkopolska(wielkopolskie) umowa o pracę pełny etat specjalista (mid / regular) praca mobilna(Wielkopolsk"
"https://www.pracuj.pl/praca/operator-produkcji-lekka-praca-na-produkcji-wysogotowo-pow-poznanski,oferta,1004592401?s=1f7c2c91&searchId=MTc2ODgzMjgxMzU1Ny4yNDI=","Przejdź do treści ogłoszenia Przejdź do panelu aplikowania Przejdź do panelu bocznego Przejdź do stopki Oferty pracy Pобота Profile pracodawców Porady i narzędzia Moje konto DLA FIRM Dodaj ogłoszenie Nowość Operator Produkcji: lekka praca na produkcji OK JOB sp. z o.o.O firmie ważna jeszcze miesiąc (do 18 lut) Wysogotowo (pow. poznański)(wielkopolskie) umowa zlecenie pełny etat pracownik fizyczny praca stacjonarna Asystent Pracuj.pl Podsumowanie oferty Wypróbuj nową funkcję - pomoże Ci ocenić, c"
"https://www.pracuj.pl/praca/spedytor-miedzynarodowy-spedytorka-miedzynarodowa-gdansk,oferta,1004592402?s=1f7c2c91&searchId=MTc2ODgzMjgxMzU1Ny4yNDI=","Przejdź do treści ogłoszenia Przejdź do panelu aplikowania Przejdź do panelu bocznego Przejdź do stopki Oferty pracy Pобота Profile pracodawców Porady i narzędzia Moje konto DLA FIRM Dodaj ogłoszenie Nowość Spedytor Międzynarodowy / Spedytorka Międzynarodowa Przedsiębiorstwo Przewozu Towarów PKS Gdańsk-Oliwa S.A.O firmie ważna jeszcze miesiąc (do 18 lut) Gdańsk(pomorskie) umowa o pracę pełny etat specjalista (mid / regular) praca stacjonarna, praca hybrydowa Asystent Pracuj.pl Podsumowanie ofert"
"https://www.pracuj.pl/praca/prawnik-specjalista-ds-windykacji-b2b-m-k-swiebodzin-okrezna-4,oferta,1004582067?s=1f7c2c91&searchId=MTc2ODgzMjgxMzU1Ny4yNDI=","Przejdź do treści ogłoszenia Przejdź do panelu aplikowania Przejdź do panelu bocznego Przejdź do stopki Oferty pracy Pобота Profile pracodawców Porady i narzędzia Moje konto DLA FIRM Dodaj ogłoszenie Prawnik - Specjalista ds. Windykacji B2B (M/K) INTRUM INKASO sp. z o.o.O firmie ważna jeszcze ponad miesiąc (do 28 lut) 5 000 – 18 000 zł brutto / mies. | umowa o pracę 5 000 – 18 000 zł brutto / mies. | umowa zlecenie 5 000 – 18 000 zł netto (+ VAT) / mies. | kontrakt B2B Okrężna 4, Świebodzin(lubu"
"https://www.pracuj.pl/praca/pracownik-wykladajacy-towar-k-m-x-bezrzecze-pow-policki-parkowa-1,oferta,1004570887?s=1f7c2c91&searchId=MTc2ODgzMjgxODc5Ny43MTU4","Przejdź do treści ogłoszenia Przejdź do panelu aplikowania Przejdź do panelu bocznego Przejdź do stopki Oferty pracy Pобота Profile pracodawców Porady i narzędzia Moje konto DLA FIRM Dodaj ogłoszenie Pracownik wykładający towar (k/m/x) Netto Sp. z o.o.O firmie ważna jeszcze 20 dni (do 08 lut) 31,40 zł brutto / godz. | umowa zlecenie Parkowa 1, Bezrzecze (pow. policki)(zachodniopomorskie) umowa zlecenie pełny etat, część etatu pracownik fizyczny praca stacjonarna Asystent Pracuj.pl Podsumowanie o"
"https://www.pracuj.pl/praca/operator-maszyn-pracownik-produkcji-m-k-robakowo-pow-poznanski,oferta,1004563837?s=1f7c2c91&searchId=MTc2ODgzMjgxMzU1Ny4yNDI=",Przejdź do treści ogłoszenia Przejdź do panelu aplikowania Przejdź do panelu bocznego Przejdź do stopki Oferty pracy Pобота Profile pracodawców Porady i narzędzia Moje konto DLA FIRM Dodaj ogłoszenie Operator maszyn / Pracownik Produkcji (m/k) Hilding Anders Polska Sp. z o.o.O firmie ważna jeszcze 18 dni (do 06 lut) Robakowo (pow. poznański)(wielkopolskie) umowa o pracę pełny etat pracownik fizyczny praca stacjonarna praca od zaraz Asystent Pracuj.pl Podsumowanie oferty Wypróbuj nową funkcję - p
"https://www.pracuj.pl/praca/samodzielny-ksiegowy-samodzielna-ksiegowa-kalisz,oferta,1004560508?s=1f7c2c91&searchId=MTc2ODgzMjgxMzU1Ny4yNDI=","Przejdź do treści ogłoszenia Przejdź do panelu aplikowania Przejdź do panelu bocznego Przejdź do stopki Oferty pracy Pобота Profile pracodawców Porady i narzędzia Moje konto DLA FIRM Dodaj ogłoszenie Samodzielny Księgowy / Samodzielna Księgowa TOMASZ BURCHARDO firmie ważna jeszcze 16 dni (do 04 lut) Kalisz(wielkopolskie) umowa o pracę pełny etat specjalista (mid / regular) praca hybrydowa Asystent Pracuj.pl Podsumowanie oferty Wypróbuj nową funkcję - pomoże Ci ocenić, czy ta oferta może być dla "
"https://www.pracuj.pl/praca/tester-integracji-warszawa,oferta,1004588286?s=1f7c2c91&searchId=MTc2ODgzMjgxMzUwMC4wMTM=","Przejdź do treści ogłoszenia Przejdź do panelu aplikowania Przejdź do panelu bocznego Przejdź do stopki Oferty pracy Pобота Profile pracodawców Porady i narzędzia Moje konto DLA FIRM Dodaj ogłoszenie Tester integracji 4IT SOLUTIONS sp. z o.o.O firmie ważna jeszcze miesiąc (do 15 lut) 130 – 160 zł netto (+ VAT) / mies. | kontrakt B2B Warszawa(mazowieckie) kontrakt b2b pełny etat specjalista (mid / regular), starszy specjalista (senior) praca zdalna praca od zaraz rekrutacja zdalna Asystent Pracuj"
"https://www.pracuj.pl/praca/financial-engineer-krakow,oferta,1004588339?s=1f7c2c91&searchId=MTc2ODgzMjgxODgxMS44NjA2",Przejdź do treści ogłoszenia Przejdź do panelu aplikowania Przejdź do panelu bocznego Przejdź do stopki Oferty pracy Pобота Profile pracodawców Porady i narzędzia Moje konto DLA FIRM Dodaj ogłoszenie Financial Engineer Mindbox Sp. z o.o.About the company valid for a month (to 15 Feb) 24 000 – 29 000 zł net (+ VAT) / mth. | B2B contract Kraków(Lesser Poland) b2b contract full-time senior specialist (senior) hybrid work immediate employment remote recruitment запрошуємо працівників з україни Asyst
"https://www.pracuj.pl/praca/executive-assistant-m-f-d-english-speaking-warszawa,oferta,1004592382?s=1f7c2c91&searchId=MTc2ODgzMjgxMzUwMC4wMTM=","Przejdź do treści ogłoszenia Przejdź do panelu aplikowania Przejdź do panelu bocznego Przejdź do stopki Oferty pracy Pобота Profile pracodawców Porady i narzędzia Moje konto DLA FIRM Dodaj ogłoszenie Nowość Executive Assistant [M/F/D] - English Speaking Michael PageO firmie ważna jeszcze miesiąc (do 18 lut) 15 000 – 16 000 zł brutto / mies. | umowa o pracę Warszawa(mazowieckie) umowa o pracę pełny etat specjalista (mid / regular), starszy specjalista (senior) praca stacjonarna praca od zaraz Asy"
"https://www.pracuj.pl/praca/r2r-accountant-warszawa-zlota-59,oferta,1004592404?s=1f7c2c91&searchId=MTc2ODgzMjgxMzU1Ny4yNDI=","Przejdź do treści ogłoszenia Przejdź do panelu aplikowania Przejdź do panelu bocznego Przejdź do stopki Oferty pracy Pобота Profile pracodawców Porady i narzędzia Moje konto DLA FIRM Dodaj ogłoszenie New R2R Accountant Unibail-Rodamco Polska Sp. z o.o.About the company valid for a month (to 18 Feb) Złota 59, Śródmieście, Warszawa(Masovian) contract of employment full-time junior specialist (junior), specialist (mid / regular) hybrid work Asystent Pracuj.pl Podsumowanie oferty Wypróbuj nową funkc"
"https://www.pracuj.pl/praca/serwisant-urzadzen-agd-technik-serwisu-warszawa-uniejowska-6,oferta,1004553823?s=1f7c2c91&searchId=MTc2ODgzMjgxMzU1Ny4yNDI=","Przejdź do treści ogłoszenia Przejdź do panelu aplikowania Przejdź do panelu bocznego Przejdź do stopki Oferty pracy Pобота Profile pracodawców Porady i narzędzia Moje konto DLA FIRM Dodaj ogłoszenie Serwisant urządzeń AGD/ Technik serwisu Przedsiębiorstwo Handlowo-Usługowe ""AGD""O firmie ważna jeszcze 9 dni (do 28 sty) 6 000 – 10 000 zł brutto / mies. | umowa o pracę Uniejowska 6, Bemowo, Warszawa(mazowieckie) umowa o pracę pełny etat specjalista (mid / regular) praca mobilna(WARSZAWA I OKOLICE)"
"https://www.pracuj.pl/praca/bonding-training-professional-goleniow,oferta,1004560509?s=1f7c2c91&searchId=MTc2ODgzMjgxMzU1Ny4yNDI=","Przejdź do treści ogłoszenia Przejdź do panelu aplikowania Przejdź do panelu bocznego Przejdź do stopki Oferty pracy Pобота Profile pracodawców Porady i narzędzia Moje konto DLA FIRM Dodaj ogłoszenie Bonding Training Professional WINDSTREAM SERVICES sp. z o.o.O firmie ważna jeszcze 16 dni (do 04 lut) Goleniów(zachodniopomorskie) kontrakt b2b pełny etat specjalista (mid / regular) praca stacjonarna Asystent Pracuj.pl Podsumowanie oferty Wypróbuj nową funkcję - pomoże Ci ocenić, czy ta oferta może"
"https://www.pracuj.pl/praca/kelner-kelnerka-wroclaw,oferta,1004578880?s=1f7c2c91&searchId=MTc2ODgzMjgxODk3MC4yOTEz","Przejdź do treści ogłoszenia Przejdź do panelu aplikowania Przejdź do panelu bocznego Przejdź do stopki Oferty pracy Pобота Profile pracodawców Porady i narzędzia Moje konto DLA FIRM Dodaj ogłoszenie Kelner / Kelnerka Arche Hotel Wrocław (Lotnisko)O firmie ważna jeszcze 24 dni (do 12 lut) 4 806 – 5 505 zł brutto / mies. | umowa o pracę Wrocław(dolnośląskie) umowa o pracę, umowa zlecenie pełny etat kierownik / koordynator praca stacjonarna praca od zaraz Asystent Pracuj.pl Podsumowanie oferty Wyp"
"https://www.pracuj.pl/praca/slusarz-slusarka-wroclaw-fabryczna-12,oferta,1004578968?s=1f7c2c91&searchId=MTc2ODgzMjgxODgxMS44NjA2","Przejdź do treści ogłoszenia Przejdź do panelu aplikowania Przejdź do panelu bocznego Przejdź do stopki Oferty pracy Pобота Profile pracodawców Porady i narzędzia Moje konto DLA FIRM Dodaj ogłoszenie Ślusarz/Ślusarka ALSTOM POLSKA S.A. Oddział we WrocławiuO firmie ważna jeszcze 24 dni (do 12 lut) Fabryczna 12, Fabryczna, Wrocław(dolnośląskie) umowa o pracę pełny etat pracownik fizyczny praca stacjonarna praca od zaraz szukamy wielu kandydatów pracodawca nie wymaga cv запрошуємо працівників з укр"
"https://www.pracuj.pl/praca/specjalista-specjalistka-ds-koordynacji-dzialan-w-katowickim-klastrze-energii-katowice-porcelanowa-21,oferta,1004575674?s=1f7c2c91&searchId=MTc2ODgzMjgxODc5Ny43MTU4","Przejdź do treści ogłoszenia Przejdź do panelu aplikowania Przejdź do panelu bocznego Przejdź do stopki Oferty pracy Pобота Profile pracodawców Porady i narzędzia Moje konto DLA FIRM Dodaj ogłoszenie Specjalista/Specjalistka ds. koordynacji działań w Katowickim Klastrze Energii KATOWICKIE INWESTYCJE S.A.O firmie ważna jeszcze 23 dni (do 11 lut) 9 000 – 10 000 zł brutto / mies. | umowa o pracę Porcelanowa 21, Katowice(śląskie) umowa o pracę pełny etat specjalista (mid / regular) praca stacjonarna"
"https://www.pracuj.pl/praca/business-analyst-f-m-d-warszawa-inflancka-4a,oferta,1004581979?s=1f7c2c91&searchId=MTc2ODgzMjgxODk3MC4yOTEz","Przejdź do treści ogłoszenia Przejdź do panelu aplikowania Przejdź do panelu bocznego Przejdź do stopki Oferty pracy Pобота Profile pracodawców Porady i narzędzia Moje konto DLA FIRM Dodaj ogłoszenie Business Analyst (f/m/d) IPF DigitalAbout the company valid for 25 days (to 13 Feb) Inflancka 4a, Śródmieście, Warszawa(Masovian) contract of employment, b2b contract full-time specialist (mid / regular) hybrid work immediate employment remote recruitment Asystent Pracuj.pl Podsumowanie oferty Wypró"
"https://www.pracuj.pl/praca/specjalista-specjalistka-ds-planowania-produkcji-gliwice-generala-jozefa-sowinskiego-11,oferta,1004582150?s=1f7c2c91&searchId=MTc2ODgzMjgxODc5Ny43MTU4","Przejdź do treści ogłoszenia Przejdź do panelu aplikowania Przejdź do panelu bocznego Przejdź do stopki Oferty pracy Pобота Profile pracodawców Porady i narzędzia Moje konto DLA FIRM Dodaj ogłoszenie Specjalista / Specjalistka ds. Planowania Produkcji Etisoft Sp. z o.o.O firmie ważna jeszcze 25 dni (do 13 lut) Generała Józefa Sowińskiego 11, Gliwice(śląskie) umowa o pracę pełny etat specjalista (mid / regular) praca stacjonarna praca od zaraz Asystent Pracuj.pl Podsumowanie oferty Wypróbuj nową "
"https://www.pracuj.pl/praca/specjalista-specjalistka-ds-obslugi-produktu-warszawa-aleje-jerozolimskie-132,oferta,1004592380?s=1f7c2c91&searchId=MTc2ODgzMjgxMzUwMC4wMTM=","Przejdź do treści ogłoszenia Przejdź do panelu aplikowania Przejdź do panelu bocznego Przejdź do stopki Oferty pracy Pобота Profile pracodawców Porady i narzędzia Moje konto DLA FIRM Dodaj ogłoszenie Nowość Specjalista / Specjalistka ds. Obsługi Produktu Centralny Ośrodek InformatykiO firmie ważna jeszcze miesiąc (do 18 lut) 7 500 – 9 500 zł brutto / mies. | umowa o pracę Aleje Jerozolimskie 132, Ochota, Warszawa(mazowieckie) umowa o pracę pełny etat specjalista (mid / regular) praca hybrydowa A"
"https://www.pracuj.pl/praca/senior-client-billing-administrator-with-german-m-f-krakow-powstancow-wielkopolskich-13,oferta,1004555319?s=1f7c2c91&searchId=MTc2ODgzMjgxMzUwMC4wMTM=","Przejdź do treści ogłoszenia Przejdź do panelu aplikowania Przejdź do panelu bocznego Przejdź do stopki Oferty pracy Pобота Profile pracodawców Porady i narzędzia Moje konto DLA FIRM Dodaj ogłoszenie Senior Client Billing Administrator with German (m/f) Aon Sp. z o.o.About the company valid for 10 days (to 29 Jan) Powstańców Wielkopolskich 13, Podgórze, Kraków(Lesser Poland) contract of employment full-time senior specialist (senior) hybrid work immediate employment remote recruitment робота для"
"https://www.pracuj.pl/praca/wykladanie-towaru-m-k-podkowa-lesna-golebia-26,oferta,1004578938?s=1f7c2c91&searchId=MTc2ODgzMjgxMzU1Ny4yNDI=","Przejdź do treści ogłoszenia Przejdź do panelu aplikowania Przejdź do panelu bocznego Przejdź do stopki Oferty pracy Pобота Profile pracodawców Porady i narzędzia Moje konto DLA FIRM Dodaj ogłoszenie Wykładanie towaru (M/K) TEDi Sieć Handlowa Sp. z o.o.O firmie ważna jeszcze 24 dni (do 12 lut) 31,40 zł brutto / godz. | umowa zlecenie Gołębia 26, Podkowa Leśna(mazowieckie) umowa zlecenie dodatkowa / tymczasowa pracownik fizyczny praca stacjonarna pracodawca nie wymaga cv запрошуємо працівників з "
"https://www.pracuj.pl/praca/monter-stolarki-m-k-bydgoszcz,oferta,1004555339?s=1f7c2c91&searchId=MTc2ODgzMjgxMzU1Ny4yNDI=",Przejdź do treści ogłoszenia Przejdź do panelu aplikowania Przejdź do panelu bocznego Przejdź do stopki Oferty pracy Pобота Profile pracodawców Porady i narzędzia Moje konto DLA FIRM Dodaj ogłoszenie Monter stolarki (m/k) Sampre Sebastian GburczykO firmie ważna jeszcze 10 dni (do 29 sty) 5 000 – 9 000 zł brutto / mies. | umowa o pracę Bydgoszcz(kujawsko-pomorskie) umowa o pracę pełny etat pracownik fizyczny praca mobilna(bydgoszcz i okolice) szukamy wielu kandydatów(2 wakaty) pracodawca nie wyma
"https://www.pracuj.pl/praca/planista-planistka-swidnik-aleja-lotnikow-polskich-1,oferta,1004575590?s=1f7c2c91&searchId=MTc2ODgzMjgxODk3MC4yOTEz","Przejdź do treści ogłoszenia Przejdź do panelu aplikowania Przejdź do panelu bocznego Przejdź do stopki Oferty pracy Pобота Profile pracodawców Porady i narzędzia Moje konto DLA FIRM Dodaj ogłoszenie Planista / Planistka PZL-ŚwidnikO firmie ważna jeszcze 23 dni (do 11 lut) Aleja Lotników Polskich 1, Świdnik(lubelskie) umowa o pracę pełny etat młodszy specjalista (junior), specjalista (mid / regular) praca stacjonarna rekrutacja zdalna Asystent Pracuj.pl Podsumowanie oferty Wypróbuj nową funkcję "
"https://www.pracuj.pl/praca/emea-expert-customs-specialist-poznan-kolorowa-6,oferta,1004575672?s=1f7c2c91&searchId=MTc2ODgzMjgxODc5Ny43MTU4","Przejdź do treści ogłoszenia Przejdź do panelu aplikowania Przejdź do panelu bocznego Przejdź do stopki Oferty pracy Pобота Profile pracodawców Porady i narzędzia Moje konto DLA FIRM Dodaj ogłoszenie EMEA Expert Customs Specialist ADM Poland sp. z o.o.About the company valid for 23 days (to 11 Feb) Kolorowa 6, Grunwald, Poznań(Greater Poland) contract of employment full-time senior specialist (senior), expert hybrid work immediate employment remote recruitment робота для іноземців(без польської)"
"https://www.pracuj.pl/praca/lekkie-czynnosci-magazynowe-marki,oferta,1004592443?s=1f7c2c91&searchId=MTc2ODgzMjgxODgxMS44NjA2",Przejdź do treści ogłoszenia Przejdź do panelu aplikowania Przejdź do panelu bocznego Przejdź do stopki Oferty pracy Pобота Profile pracodawców Porady i narzędzia Moje konto DLA FIRM Dodaj ogłoszenie Nowość Lekkie czynności magazynowe OTTO Work ForceO firmie ważna jeszcze miesiąc (do 18 lut) Marki(mazowieckie) umowa zlecenie pełny etat pracownik fizyczny praca stacjonarna praca od zaraz szukamy wielu kandydatów pracodawca nie wymaga cv запрошуємо працівників з україни Asystent Pracuj.pl Podsumow
"https://www.pracuj.pl/praca/graphic-designer-gdansk-aleja-generala-jozefa-hallera-134,oferta,1004570758?s=1f7c2c91&searchId=MTc2ODgzMjgxODk3MC4yOTEz","Przejdź do treści ogłoszenia Przejdź do panelu aplikowania Przejdź do panelu bocznego Przejdź do stopki Oferty pracy Pобота Profile pracodawców Porady i narzędzia Moje konto DLA FIRM Dodaj ogłoszenie Graphic Designer AMGS GROUP Jerz i Gigołło Sp. KomandytowaO firmie ważna jeszcze 20 dni (do 08 lut) 8 000 – 10 000 zł brutto / mies. | umowa o pracę 10 000 – 12 000 zł netto (+ VAT) / mies. | kontrakt B2B Aleja Generała Józefa Hallera 134, Gdańsk(pomorskie) umowa o pracę, kontrakt b2b pełny etat spe"
"https://www.pracuj.pl/praca/doradca-doradczyni-ds-czesci-zamiennych-samochodow-wieliczka-krakowska-21,oferta,1004582145?s=1f7c2c91&searchId=MTc2ODgzMjgxODc5Ny43MTU4","Przejdź do treści ogłoszenia Przejdź do panelu aplikowania Przejdź do panelu bocznego Przejdź do stopki Oferty pracy Pобота Profile pracodawców Porady i narzędzia Moje konto DLA FIRM Dodaj ogłoszenie Doradca / Doradczyni ds. Części Zamiennych Samochodów KOLACZEK SPÓŁKA Z OGRANICZONĄ ODPOWIEDZIALNOŚCIĄO firmie ważna jeszcze 25 dni (do 13 lut) 6 850 – 9 050 zł brutto / mies. | umowa o pracę Krakowska 21, Wieliczka(małopolskie) umowa o pracę pełny etat specjalista (mid / regular) praca stacjonarna "
"https://www.pracuj.pl/praca/specjalista-specjalistka-ds-windykacji-warszawa,oferta,1004575706?s=1f7c2c91&searchId=MTc2ODgzMjgxODgxMS44NjA2","Przejdź do treści ogłoszenia Przejdź do panelu aplikowania Przejdź do panelu bocznego Przejdź do stopki Oferty pracy Pобота Profile pracodawców Porady i narzędzia Moje konto DLA FIRM Dodaj ogłoszenie Specjalista / Specjalistka ds. windykacji ""GREEN LIGHTS"" sp. z o.o.O firmie ważna jeszcze 23 dni (do 11 lut) Warszawa(mazowieckie) umowa o pracę pełny etat specjalista (mid / regular) praca stacjonarna praca od zaraz rekrutacja zdalna Asystent Pracuj.pl Podsumowanie oferty Wypróbuj nową funkcję - po"
"https://www.pracuj.pl/praca/osoba-na-stanowisko-inspektora-asystenta-radcy-k-m-w-departamencie-legislacji-i-warszawa-hoza-76-78,oferta,1004575675?s=1f7c2c91&searchId=MTc2ODgzMjgxODc5Ny43MTU4","Przejdź do treści ogłoszenia Przejdź do panelu aplikowania Przejdź do panelu bocznego Przejdź do stopki Oferty pracy Pобота Profile pracodawców Porady i narzędzia Moje konto DLA FIRM Dodaj ogłoszenie Osoba na stanowisko Inspektora / Asystenta Radcy (K/M) w Departamencie Legislacji i Spraw Publicznych Urząd Prokuratorii Generalnej Rzeczypospolitej PolskiejO firmie ważna jeszcze 7 dni (do 26 sty) Hoża 76/78, Śródmieście, Warszawa(mazowieckie) umowa o pracę pełny etat specjalista (mid / regular) pr"
"https://www.pracuj.pl/praca/specjalista-specjalistka-ds-sprzedazy-krakow-jana-zamoyskiego-63,oferta,1004592403?s=1f7c2c91&searchId=MTc2ODgzMjgxMzU1Ny4yNDI=","Przejdź do treści ogłoszenia Przejdź do panelu aplikowania Przejdź do panelu bocznego Przejdź do stopki Oferty pracy Pобота Profile pracodawców Porady i narzędzia Moje konto DLA FIRM Dodaj ogłoszenie Nowość Specjalista / Specjalistka ds. sprzedaży Nilen ConceptO firmie ważna jeszcze miesiąc (do 18 lut) 9 000 – 12 000 zł netto (+ VAT) / mies. | kontrakt B2B Jana Zamoyskiego 63, Podgórze, Kraków(małopolskie) kontrakt b2b pełny etat specjalista (mid / regular) praca stacjonarna praca od zaraz Asyst"
"https://www.pracuj.pl/praca/inzynier-inzynierka-produkcji-k-m-n-dzierzoniow-nowowiejska-50a,oferta,1004582160?s=1f7c2c91&searchId=MTc2ODgzMjgxODgxMS44NjA2","Przejdź do treści ogłoszenia Przejdź do panelu aplikowania Przejdź do panelu bocznego Przejdź do stopki Oferty pracy Pобота Profile pracodawców Porady i narzędzia Moje konto DLA FIRM Dodaj ogłoszenie Inżynier / Inżynierka Produkcji (k/m/n) Unison Engine Components Poland Sp. z o.o.O firmie ważna jeszcze 25 dni (do 13 lut) Nowowiejska 50A, Dzierżoniów(dolnośląskie) umowa o pracę pełny etat specjalista (mid / regular) praca stacjonarna praca od zaraz Asystent Pracuj.pl Podsumowanie oferty Wypróbuj"
"https://www.pracuj.pl/praca/junior-lead-hunter-k-m-warszawa-wincentego-rzymowskiego-53,oferta,1004567208?s=1f7c2c91&searchId=MTc2ODgzMjgxODgxMS44NjA2","Przejdź do treści ogłoszenia Przejdź do panelu aplikowania Przejdź do panelu bocznego Przejdź do stopki Oferty pracy Pобота Profile pracodawców Porady i narzędzia Moje konto DLA FIRM Dodaj ogłoszenie Junior Lead Hunter (K/M) Flotman Sp. z o.o.O firmie ważna jeszcze 19 dni (do 07 lut) 6 500 – 9 000 zł brutto / mies. | umowa zlecenie 6 500 – 9 000 zł netto (+ VAT) / mies. | kontrakt B2B Wincentego Rzymowskiego 53, Mokotów, Warszawa(mazowieckie) umowa zlecenie, kontrakt b2b pełny etat młodszy specj"
"https://www.pracuj.pl/praca/specjalista-specjalistka-ds-energetyki-w-katowickim-klastrze-energii-katowice-porcelanowa-21,oferta,1004575673?s=1f7c2c91&searchId=MTc2ODgzMjgxODc5Ny43MTU4","Przejdź do treści ogłoszenia Przejdź do panelu aplikowania Przejdź do panelu bocznego Przejdź do stopki Oferty pracy Pобота Profile pracodawców Porady i narzędzia Moje konto DLA FIRM Dodaj ogłoszenie Specjalista/Specjalistka ds. energetyki w Katowickim Klastrze Energii KATOWICKIE INWESTYCJE S.A.O firmie ważna jeszcze 23 dni (do 11 lut) 9 000 – 10 000 zł brutto / mies. | umowa o pracę Porcelanowa 21, Katowice(śląskie) umowa o pracę pełny etat specjalista (mid / regular) praca stacjonarna Asystent"
"https://www.pracuj.pl/praca/specjalista-specjalistka-ds-sprzedazy-telefonicznej-b2b-warszawa-wincentego-rzymowskiego-53,oferta,1004567205?s=1f7c2c91&searchId=MTc2ODgzMjgxODgxMS44NjA2","Przejdź do treści ogłoszenia Przejdź do panelu aplikowania Przejdź do panelu bocznego Przejdź do stopki Oferty pracy Pобота Profile pracodawców Porady i narzędzia Moje konto DLA FIRM Dodaj ogłoszenie Specjalista / Specjalistka ds. sprzedaży telefonicznej B2B Flotman Sp. z o.o.O firmie ważna jeszcze 19 dni (do 07 lut) 7 000 – 12 000 zł brutto / mies. | umowa zlecenie 7 000 – 12 000 zł netto (+ VAT) / mies. | kontrakt B2B Wincentego Rzymowskiego 53, Mokotów, Warszawa(mazowieckie) umowa zlecenie, k"
"https://www.pracuj.pl/praca/konsultant-wdrozeniowy-dynamics-365-f-o-finanse-warszawa-pulawska-435a,oferta,1004588338?s=1f7c2c91&searchId=MTc2ODgzMjgxODgxMS44NjA2","Przejdź do treści ogłoszenia Przejdź do panelu aplikowania Przejdź do panelu bocznego Przejdź do stopki Oferty pracy Pобота Profile pracodawców Porady i narzędzia Moje konto DLA FIRM Dodaj ogłoszenie Konsultant wdrożeniowy Dynamics 365 F&O - finanse XPLUS S.A.O firmie ważna jeszcze miesiąc (do 15 lut) Siedziba firmy: Puławska 435A, Ursynów, Warszawa(mazowieckie) Miejsce pracy: Cała Polska (praca zdalna) umowa o pracę, umowa zlecenie, kontrakt b2b pełny etat specjalista (mid / regular), starszy s"
"https://www.pracuj.pl/praca/stanowisko-inzynierskie-w-dziale-ds-kosztorysowania-krakow-prokocimska-4,oferta,1004560547?s=1f7c2c91&searchId=MTc2ODgzMjgxODgxMS44NjA2","Przejdź do treści ogłoszenia Przejdź do panelu aplikowania Przejdź do panelu bocznego Przejdź do stopki Oferty pracy Pобота Profile pracodawców Porady i narzędzia Moje konto DLA FIRM Dodaj ogłoszenie Stanowisko inżynierskie w Dziale ds. kosztorysowania PRZEDSIĘBIORSTWO NAPRAW I UTRZYMANIA INFRASTRUKTURY KOLEJOWEJ W KRAKOWIE SP. Z O.O.O firmie ważna jeszcze 16 dni (do 04 lut) Prokocimska 4, Podgórze, Kraków(małopolskie) umowa o pracę pełny etat specjalista (mid / regular) praca stacjonarna Asyste"
"https://www.pracuj.pl/praca/lakiernik-opole-firmowa-3,oferta,1004563762?s=1f7c2c91&searchId=MTc2ODgzMjgxODk3MC4yOTEz","Przejdź do treści ogłoszenia Przejdź do panelu aplikowania Przejdź do panelu bocznego Przejdź do stopki Oferty pracy Pобота Profile pracodawców Porady i narzędzia Moje konto DLA FIRM Dodaj ogłoszenie Lakiernik DFM Doors Sp. z o.o.O firmie ważna jeszcze 18 dni (do 06 lut) Firmowa 3, Opole(opolskie) umowa o pracę pełny etat pracownik fizyczny praca stacjonarna Asystent Pracuj.pl Podsumowanie oferty Wypróbuj nową funkcję - pomoże Ci ocenić, czy ta oferta może być dla Ciebie. Pokaż podsumowanie Doda"
"https://www.pracuj.pl/praca/specjalista-specjalistka-ds-zakupow-technicznych-k-m-n-siedlce-targowa-50,oferta,1004570750?s=1f7c2c91&searchId=MTc2ODgzMjgxODk3MC4yOTEz","Przejdź do treści ogłoszenia Przejdź do panelu aplikowania Przejdź do panelu bocznego Przejdź do stopki Oferty pracy Pобота Profile pracodawców Porady i narzędzia Moje konto DLA FIRM Dodaj ogłoszenie Specjalista / Specjalistka ds. zakupów technicznych (K/M/N) Stadler Polska Sp. z o.oO firmie ważna jeszcze 20 dni (do 08 lut) Targowa 50, Siedlce(mazowieckie) umowa o pracę pełny etat specjalista (mid / regular) praca stacjonarna rekrutacja zdalna Asystent Pracuj.pl Podsumowanie oferty Wypróbuj nową"
"https://www.pracuj.pl/praca/sprzedawca-k-m-n-doradca-klienta-galeria-solna-inowroclaw-wojska-polskiego-16,oferta,1004560548?s=1f7c2c91&searchId=MTc2ODgzMjgxODgxMS44NjA2","Przejdź do treści ogłoszenia Przejdź do panelu aplikowania Przejdź do panelu bocznego Przejdź do stopki Oferty pracy Pобота Profile pracodawców Porady i narzędzia Moje konto DLA FIRM Dodaj ogłoszenie Sprzedawca (k/m/n) - Doradca klienta, Galeria Solna PITBULL Sp. z o.o.O firmie ważna jeszcze 16 dni (do 04 lut) 31,40 zł brutto / godz. | umowa zlecenie Wojska Polskiego 16, Inowrocław(kujawsko-pomorskie) umowa zlecenie część etatu pracownik fizyczny praca stacjonarna Asystent Pracuj.pl Podsumowanie"
"https://www.pracuj.pl/praca/kierownik-techniczny-z-uprawnieniami-budowlanymi-k-m-wroclaw,oferta,1004592329?s=1f7c2c91&searchId=MTc2ODgzMjgxODk3MC4yOTEz","Przejdź do treści ogłoszenia Przejdź do panelu aplikowania Przejdź do panelu bocznego Przejdź do stopki Oferty pracy Pобота Profile pracodawców Porady i narzędzia Moje konto DLA FIRM Dodaj ogłoszenie Nowość Kierownik techniczny z uprawnieniami budowlanymi (k/m) ASISTWORK Sp. z o.o.O firmie ważna jeszcze miesiąc (do 18 lut) Wrocław(dolnośląskie) umowa o pracę pełny etat kierownik / koordynator praca stacjonarna Asystent Pracuj.pl Podsumowanie oferty Wypróbuj nową funkcję - pomoże Ci ocenić, czy t"
"https://www.pracuj.pl/praca/inspektor-biura-obslugi-klienta-k-m-ruda-slaska-aleja-rodziny-g%c3%bcrtlerow-73,oferta,1004592428?s=1f7c2c91&searchId=MTc2ODgzMjgxODc5Ny43MTU4","Przejdź do treści ogłoszenia Przejdź do panelu aplikowania Przejdź do panelu bocznego Przejdź do stopki Oferty pracy Pобота Profile pracodawców Porady i narzędzia Moje konto DLA FIRM Dodaj ogłoszenie Nowość Inspektor Biura Obsługi Klienta (k/m) Daimler Truck Retail Polska sp. z o.o.O firmie ważna jeszcze miesiąc (do 18 lut) Aleja Rodziny Gürtlerów 73, Ruda Śląska(śląskie) umowa o pracę pełny etat specjalista (mid / regular) praca stacjonarna Asystent Pracuj.pl Podsumowanie oferty Wypróbuj nową f"
"https://www.pracuj.pl/praca/customer-solutions-engineer-security-google-cloud-warszawa-emilii-plater-53,oferta,1004592331?s=1f7c2c91&searchId=MTc2ODgzMjgxODk3MC4yOTEz","Przejdź do treści ogłoszenia Przejdź do panelu aplikowania Przejdź do panelu bocznego Przejdź do stopki Oferty pracy Pобота Profile pracodawców Porady i narzędzia Moje konto DLA FIRM Dodaj ogłoszenie New Customer Solutions Engineer - Security, Google Cloud GoogleAbout the company valid for a month (to 18 Feb) Emilii Plater 53, Śródmieście, Warszawa(Masovian) contract of employment full-time specialist (mid / regular) hybrid work Asystent Pracuj.pl Podsumowanie oferty Wypróbuj nową funkcję - pomo"
"https://www.pracuj.pl/praca/java-developer-with-german-warszawa-zlota-59,oferta,1004563872?s=1f7c2c91&searchId=MTc2ODgzMjgxODgxMS44NjA2","Przejdź do treści ogłoszenia Przejdź do panelu aplikowania Przejdź do panelu bocznego Przejdź do stopki Oferty pracy Pобота Profile pracodawców Porady i narzędzia Moje konto DLA FIRM Dodaj ogłoszenie Java Developer (with German) HN EXPERTS sp. z o.o.About the company valid for 18 days (to 06 Feb) 10 000 – 15 000 zł gross / mth. | contract of employment Company location: Złota 59, Śródmieście, Warszawa(Masovian) Workplace: Whole Poland (remote work) contract of employment, b2b contract full-time "
"https://www.pracuj.pl/praca/obsluga-klienta-mieso-wedliny-warszawa,oferta,1004570751?s=1f7c2c91&searchId=MTc2ODgzMjgxODk3MC4yOTEz","Przejdź do treści ogłoszenia Przejdź do panelu aplikowania Przejdź do panelu bocznego Przejdź do stopki Oferty pracy Pобота Profile pracodawców Porady i narzędzia Moje konto DLA FIRM Dodaj ogłoszenie Obsługa klienta - Mięso/Wędliny GOLDEN SERWIS SPÓŁKA Z OGRANICZONĄ ODPOWIEDZIALNOŚCIĄO firmie ważna jeszcze 20 dni (do 08 lut) 34,00 zł brutto / godz. | umowa zlecenie Warszawa(mazowieckie) umowa zlecenie pełny etat pracownik fizyczny praca stacjonarna praca od zaraz pracodawca nie wymaga cv запрошу"
"https://www.pracuj.pl/praca/mechanik-f-m-o-wroclaw-aleja-karkonoska-61,oferta,1004570747?s=1f7c2c91&searchId=MTc2ODgzMjgxODk3MC4yOTEz","Przejdź do treści ogłoszenia Przejdź do panelu aplikowania Przejdź do panelu bocznego Przejdź do stopki Oferty pracy Pобота Profile pracodawców Porady i narzędzia Moje konto DLA FIRM Dodaj ogłoszenie Mechanik (f/m/o) BMW Inchcape WrocławO firmie ważna jeszcze 20 dni (do 08 lut) aleja Karkonoska 61, Krzyki, Wrocław(dolnośląskie) umowa o pracę pełny etat pracownik fizyczny praca stacjonarna praca od zaraz Asystent Pracuj.pl Podsumowanie oferty Wypróbuj nową funkcję - pomoże Ci ocenić, czy ta ofert"
"https://www.pracuj.pl/praca/facility-manager-k-m-warszawa,oferta,1004575700?s=1f7c2c91&searchId=MTc2ODgzMjgxODgxMS44NjA2","Przejdź do treści ogłoszenia Przejdź do panelu aplikowania Przejdź do panelu bocznego Przejdź do stopki Oferty pracy Pобота Profile pracodawców Porady i narzędzia Moje konto DLA FIRM Dodaj ogłoszenie Facility Manager (k/m) ISS PolskaO firmie ważna jeszcze 23 dni (do 11 lut) Warszawa(mazowieckie) umowa o pracę pełny etat menedżer praca stacjonarna praca od zaraz Asystent Pracuj.pl Podsumowanie oferty Wypróbuj nową funkcję - pomoże Ci ocenić, czy ta oferta może być dla Ciebie. Pokaż podsumowanie D"
"https://www.pracuj.pl/praca/kontroler-oplat-parkingowych-strzelce-opolskie,oferta,1004560523?s=1f7c2c91&searchId=MTc2ODgzMjgxODc5Ny43MTU4","Przejdź do treści ogłoszenia Przejdź do panelu aplikowania Przejdź do panelu bocznego Przejdź do stopki Oferty pracy Pобота Profile pracodawców Porady i narzędzia Moje konto DLA FIRM Dodaj ogłoszenie Kontroler opłat parkingowych APCOA Polska Sp. z o.o.O firmie ważna jeszcze 16 dni (do 04 lut) 31,40 zł brutto / godz. | umowa zlecenie Strzelce Opolskie(opolskie) umowa zlecenie część etatu pracownik fizyczny praca mobilna praca od zaraz Asystent Pracuj.pl Podsumowanie oferty Wypróbuj nową funkcję -"
"https://www.pracuj.pl/praca/asystent-asystentka-ds-obslugi-pacjenta-w-szpitalu-lux-med-krakow-kolo-strzelnicy-3,oferta,1004581975?s=1f7c2c91&searchId=MTc2ODgzMjgxODk3MC4yOTEz","Przejdź do treści ogłoszenia Przejdź do panelu aplikowania Przejdź do panelu bocznego Przejdź do stopki Oferty pracy Pобота Profile pracodawców Porady i narzędzia Moje konto DLA FIRM Dodaj ogłoszenie Asystent/Asystentka ds. Obsługi Pacjenta w Szpitalu LUX MED LUX MED Sp. z o.o.O firmie ważna jeszcze 25 dni (do 13 lut) Koło Strzelnicy 3, Zwierzyniec, Kraków(małopolskie) umowa o pracę pełny etat asystent, młodszy specjalista (junior) praca stacjonarna Asystent Pracuj.pl Podsumowanie oferty Wypróbu"
"https://www.pracuj.pl/praca/mlodszy-specjalista-mlodsza-specjalistka-ds-administracji-warszawa,oferta,1004592444?s=1f7c2c91&searchId=MTc2ODgzMjgxODgxMS44NjA2","Przejdź do treści ogłoszenia Przejdź do panelu aplikowania Przejdź do panelu bocznego Przejdź do stopki Oferty pracy Pобота Profile pracodawców Porady i narzędzia Moje konto DLA FIRM Dodaj ogłoszenie Nowość Młodszy specjalista / Młodsza specjalistka ds. Administracji Alior LeasingO firmie ważna jeszcze miesiąc (do 18 lut) Warszawa(mazowieckie) umowa zlecenie pełny etat młodszy specjalista (junior) praca stacjonarna Asystent Pracuj.pl Podsumowanie oferty Wypróbuj nową funkcję - pomoże Ci ocenić, "
"https://www.pracuj.pl/praca/recepcjonistka-recepcjonista-niepolomice-niepolomice-doktora-rudolfa-diesla-1,oferta,1004592333?s=1f7c2c91&searchId=MTc2ODgzMjgxODk3MC4yOTEz","Przejdź do treści ogłoszenia Przejdź do panelu aplikowania Przejdź do panelu bocznego Przejdź do stopki Oferty pracy Pобота Profile pracodawców Porady i narzędzia Moje konto DLA FIRM Dodaj ogłoszenie Nowość Recepcjonistka/ Recepcjonista Niepołomice Apleona Polska sp. z o.o.O firmie ważna jeszcze miesiąc (do 18 lut) Doktora Rudolfa Diesla 1, Niepołomice(małopolskie) umowa na zastępstwo pełny etat młodszy specjalista (junior), specjalista (mid / regular) praca stacjonarna praca od zaraz Asystent P"
"https://www.pracuj.pl/praca/spawacz-spawaczka-mag-mig-wroclaw-fabryczna-12,oferta,1004578965?s=1f7c2c91&searchId=MTc2ODgzMjgxODgxMS44NjA2","Przejdź do treści ogłoszenia Przejdź do panelu aplikowania Przejdź do panelu bocznego Przejdź do stopki Oferty pracy Pобота Profile pracodawców Porady i narzędzia Moje konto DLA FIRM Dodaj ogłoszenie Spawacz/Spawaczka MAG/MIG ALSTOM POLSKA S.A. Oddział we WrocławiuO firmie ważna jeszcze 24 dni (do 12 lut) Fabryczna 12, Fabryczna, Wrocław(dolnośląskie) umowa o pracę pełny etat pracownik fizyczny praca stacjonarna praca od zaraz szukamy wielu kandydatów pracodawca nie wymaga cv запрошуємо працівни"
"https://www.pracuj.pl/praca/inzynier-inzynierka-budowy-bydgoszcz,oferta,1004592426?s=1f7c2c91&searchId=MTc2ODgzMjgxODc5Ny43MTU4","Przejdź do treści ogłoszenia Przejdź do panelu aplikowania Przejdź do panelu bocznego Przejdź do stopki Oferty pracy Pобота Profile pracodawców Porady i narzędzia Moje konto DLA FIRM Dodaj ogłoszenie Nowość Inżynier / Inżynierka budowy TRISIRIS sp. z o.o.O firmie ważna jeszcze miesiąc (do 18 lut) 8 500 – 10 000 zł brutto / mies. | umowa o pracę 10 000 – 12 500 zł netto (+ VAT) / mies. | kontrakt B2B Bydgoszcz(kujawsko-pomorskie) umowa o pracę, kontrakt b2b pełny etat, część etatu specjalista (mi"
"https://www.pracuj.pl/praca/specjalista-ds-marketingu-k-m-jasin-pow-poznanski-poznanska-21,oferta,1004592425?s=1f7c2c91&searchId=MTc2ODgzMjgxODc5Ny43MTU4","Przejdź do treści ogłoszenia Przejdź do panelu aplikowania Przejdź do panelu bocznego Przejdź do stopki Oferty pracy Pобота Profile pracodawców Porady i narzędzia Moje konto DLA FIRM Dodaj ogłoszenie Nowość Specjalista ds. marketingu k/m LIQUIDER POLAND SPÓŁKA Z OGRANICZONĄ ODPOWIEDZIALNOŚCIĄ SPÓŁKA KOMANDYTOWAO firmie ważna jeszcze miesiąc (do 18 lut) Poznańska 21, Jasin (pow. poznański)(wielkopolskie) umowa o pracę pełny etat specjalista (mid / regular) praca stacjonarna praca od zaraz Asysten"
"https://www.pracuj.pl/praca/stazysta-stazystka-w-zespole-rekrutacji-warszawa-szczesliwicka-34,oferta,1004592427?s=1f7c2c91&searchId=MTc2ODgzMjgxODc5Ny43MTU4","Przejdź do treści ogłoszenia Przejdź do panelu aplikowania Przejdź do panelu bocznego Przejdź do stopki Oferty pracy Pобота Profile pracodawców Porady i narzędzia Moje konto DLA FIRM Dodaj ogłoszenie Nowość Stażysta/Stażystka w Zespole Rekrutacji Urząd Dozoru TechnicznegoO firmie ważna jeszcze miesiąc (do 18 lut) Szczęśliwicka 34, Ochota, Warszawa(mazowieckie) umowa o pracę pełny etat praktykant / stażysta praca hybrydowa rekrutacja zdalna Asystent Pracuj.pl Podsumowanie oferty Wypróbuj nową fun"
"https://www.pracuj.pl/praca/magazynier-m-k-myslowice,oferta,1004563866?s=1f7c2c91&searchId=MTc2ODgzMjgxODc5Ny43MTU4",Przejdź do treści ogłoszenia Przejdź do panelu aplikowania Przejdź do panelu bocznego Przejdź do stopki Oferty pracy Pобота Profile pracodawców Porady i narzędzia Moje konto DLA FIRM Dodaj ogłoszenie Magazynier (m/k) Martes Sport Sp. z o. o.O firmie ważna jeszcze 18 dni (do 06 lut) Mysłowice(śląskie) umowa o pracę pełny etat pracownik fizyczny praca stacjonarna praca od zaraz szukamy wielu kandydatów запрошуємо працівників з україни Asystent Pracuj.pl Podsumowanie oferty Wypróbuj nową funkcję - 
"https://www.pracuj.pl/praca/inspektor-nadzoru-branza-elektryczna-i-teletechniczna-k-m-swidnik-aleja-lotnikow-polskich-1,oferta,1004575586?s=1f7c2c91&searchId=MTc2ODgzMjgxODk3MC4yOTEz","Przejdź do treści ogłoszenia Przejdź do panelu aplikowania Przejdź do panelu bocznego Przejdź do stopki Oferty pracy Pобота Profile pracodawców Porady i narzędzia Moje konto DLA FIRM Dodaj ogłoszenie Inspektor Nadzoru (branża elektryczna i teletechniczna) (k/m) PZL-ŚwidnikO firmie ważna jeszcze 23 dni (do 11 lut) Aleja Lotników Polskich 1, Świdnik(lubelskie) umowa o pracę pełny etat specjalista (mid / regular) praca hybrydowa rekrutacja zdalna Asystent Pracuj.pl Podsumowanie oferty Wypróbuj nową"
"https://www.pracuj.pl/praca/specjalista-ds-logistyki-k-m-n-krepice-pow-sredzki,oferta,1004570899?s=1f7c2c91&searchId=MTc2ODgzMjgxODgxMS44NjA2","Przejdź do treści ogłoszenia Przejdź do panelu aplikowania Przejdź do panelu bocznego Przejdź do stopki Oferty pracy Pобота Profile pracodawców Porady i narzędzia Moje konto DLA FIRM Dodaj ogłoszenie Specjalista ds. logistyki (k/m/n) Saica Pack Wrocław Sp. z o.o.O firmie ważna jeszcze 20 dni (do 08 lut) Krępice (pow. średzki)(dolnośląskie) umowa o pracę pełny etat młodszy specjalista (junior), specjalista (mid / regular) praca stacjonarna praca od zaraz Asystent Pracuj.pl Podsumowanie oferty Wyp"
"https://www.pracuj.pl/praca/specjalista-ds-logistyki-materialowej-k-m-warszawa-bokserska-66,oferta,1004582155?s=1f7c2c91&searchId=MTc2ODgzMjgxODgxMS44NjA2","Przejdź do treści ogłoszenia Przejdź do panelu aplikowania Przejdź do panelu bocznego Przejdź do stopki Oferty pracy Pобота Profile pracodawców Porady i narzędzia Moje konto DLA FIRM Dodaj ogłoszenie Specjalista ds. Logistyki Materiałowej (k/m) ENTER AIR SERVICES SP Z O OO firmie ważna jeszcze 25 dni (do 13 lut) Bokserska 66, Mokotów, Warszawa(mazowieckie) umowa o pracę, umowa zlecenie, kontrakt b2b pełny etat specjalista (mid / regular) praca stacjonarna praca od zaraz Asystent Pracuj.pl Podsum"
"https://www.pracuj.pl/praca/elektromonter-ka-specjalnosc-siec-trakcyjna-krakow,oferta,1004578950?s=1f7c2c91&searchId=MTc2ODgzMjgxODc5Ny43MTU4",Przejdź do treści ogłoszenia Przejdź do panelu aplikowania Przejdź do panelu bocznego Przejdź do stopki Oferty pracy Pобота Profile pracodawców Porady i narzędzia Moje konto DLA FIRM Dodaj ogłoszenie Elektromonter(-ka) / specjalność sieć trakcyjna Skanska S.A.O firmie ważna jeszcze 24 dni (do 12 lut) Kraków(małopolskie) umowa o pracę pełny etat pracownik fizyczny praca stacjonarna praca od zaraz запрошуємо працівників з україни Asystent Pracuj.pl Podsumowanie oferty Wypróbuj nową funkcję - pomoż
"https://www.pracuj.pl/praca/doradca-techniczny-doradczyni-techniczna-z-j-niemieckim-ochmanow-pow-wielicki,oferta,1004555358?s=1f7c2c91&searchId=MTc2ODgzMjgxODgxMS44NjA2",Przejdź do treści ogłoszenia Przejdź do panelu aplikowania Przejdź do panelu bocznego Przejdź do stopki Oferty pracy Pобота Profile pracodawców Porady i narzędzia Moje konto DLA FIRM Dodaj ogłoszenie Doradca techniczny / Doradczyni techniczna z j. niemieckim OKNOPLASTO firmie ważna jeszcze 10 dni (do 29 sty) 7 000 – 8 500 zł brutto / mies. | umowa o pracę Ochmanów (pow. wielicki)(małopolskie) umowa o pracę pełny etat specjalista (mid / regular) praca zdalna Asystent Pracuj.pl Podsumowanie oferty
"https://www.pracuj.pl/praca/mechanik-maszyn-budowlanych-k-m-malogoszcz-jedrzejowska-1,oferta,1004578860?s=1f7c2c91&searchId=MTc2ODgzMjgxODk3MC4yOTEz","Przejdź do treści ogłoszenia Przejdź do panelu aplikowania Przejdź do panelu bocznego Przejdź do stopki Oferty pracy Pобота Profile pracodawców Porady i narzędzia Moje konto DLA FIRM Dodaj ogłoszenie Mechanik maszyn budowlanych (k/m) KOSD GROUP SPÓŁKA Z OGRANICZONĄ ODPOWIEDZIALNOŚCIĄO firmie ważna jeszcze 24 dni (do 12 lut) Jędrzejowska 1, Małogoszcz(świętokrzyskie) umowa o pracę pełny etat pracownik fizyczny praca stacjonarna praca od zaraz Asystent Pracuj.pl Podsumowanie oferty Wypróbuj nową f"
"https://www.pracuj.pl/praca/kontroler-oplat-parkingowych-kedzierzyn-kozle,oferta,1004560526?s=1f7c2c91&searchId=MTc2ODgzMjgxODc5Ny43MTU4","Przejdź do treści ogłoszenia Przejdź do panelu aplikowania Przejdź do panelu bocznego Przejdź do stopki Oferty pracy Pобота Profile pracodawców Porady i narzędzia Moje konto DLA FIRM Dodaj ogłoszenie Kontroler opłat parkingowych APCOA Polska Sp. z o.o.O firmie ważna jeszcze 16 dni (do 04 lut) 31,40 zł brutto / godz. | umowa zlecenie Kędzierzyn-Koźle(opolskie) umowa zlecenie pełny etat pracownik fizyczny praca mobilna praca od zaraz Asystent Pracuj.pl Podsumowanie oferty Wypróbuj nową funkcję - p"
"https://www.pracuj.pl/praca/konsultant-ka-w-sklepie-firmowym-t-mobile-bydgoszcz-jagiellonska-39,oferta,1004570900?s=1f7c2c91&searchId=MTc2ODgzMjgxODgxMS44NjA2","Przejdź do treści ogłoszenia Przejdź do panelu aplikowania Przejdź do panelu bocznego Przejdź do stopki Oferty pracy Pобота Profile pracodawców Porady i narzędzia Moje konto DLA FIRM Dodaj ogłoszenie Konsultant/-ka w Sklepie Firmowym T-Mobile T-MobileO firmie ważna jeszcze 20 dni (do 08 lut) Jagiellońska 39, Bydgoszcz(kujawsko-pomorskie) umowa o pracę pełny etat specjalista (mid / regular) praca stacjonarna rekrutacja zdalna запрошуємо працівників з україни Asystent Pracuj.pl Podsumowanie oferty"
"https://www.pracuj.pl/praca/principal-sap-sd-support-business-analyst-poznan-pastelowa-8,oferta,1004585108?s=1f7c2c91&searchId=MTc2ODgzMjgxODk3MC4yOTEz","Przejdź do treści ogłoszenia Przejdź do panelu aplikowania Przejdź do panelu bocznego Przejdź do stopki Oferty pracy Pобота Profile pracodawców Porady i narzędzia Moje konto DLA FIRM Dodaj ogłoszenie Principal SAP SD Support Business Analyst Atotech Poland Sp. z o.o.About the company valid for over a month (to 01 Mar) Pastelowa 8, Grunwald, Poznań(Greater Poland) contract of employment full-time specialist (mid / regular) hybrid work immediate employment remote recruitment Asystent Pracuj.pl Pod"
"https://www.pracuj.pl/praca/kierowca-kierowczyni-kat-b-osoba-uzupelniajaca-maszyny-samosprzedajace-wroclaw-jana-dlugosza-2-6,oferta,1004578964?s=1f7c2c91&searchId=MTc2ODgzMjgxODgxMS44NjA2","Przejdź do treści ogłoszenia Przejdź do panelu aplikowania Przejdź do panelu bocznego Przejdź do stopki Oferty pracy Pобота Profile pracodawców Porady i narzędzia Moje konto DLA FIRM Dodaj ogłoszenie Kierowca/Kierowczyni kat. B. - osoba uzupełniająca maszyny samosprzedające DALLMAYR VENDING & OFFICE Sp. z o.o. Spółka komandytowaO firmie ważna jeszcze 24 dni (do 12 lut) Jana Długosza 2-6, Psie Pole, Wrocław(dolnośląskie) umowa zlecenie pracownik fizyczny praca stacjonarna Asystent Pracuj.pl Podsu"
"https://www.pracuj.pl/praca/magister-farmacji-m-k-os-kedzierzyn-kozle,oferta,1004592442?s=1f7c2c91&searchId=MTc2ODgzMjgxODgxMS44NjA2","Przejdź do treści ogłoszenia Przejdź do panelu aplikowania Przejdź do panelu bocznego Przejdź do stopki Oferty pracy Pобота Profile pracodawców Porady i narzędzia Moje konto DLA FIRM Dodaj ogłoszenie Nowość Magister Farmacji (m/k/os) DOZ S.A.O firmie ważna jeszcze miesiąc (do 18 lut) Kędzierzyn-Koźle(opolskie) umowa o pracę, umowa zlecenie pełny etat młodszy specjalista (junior), specjalista (mid / regular) praca stacjonarna Asystent Pracuj.pl Podsumowanie oferty Wypróbuj nową funkcję - pomoże C"
"https://www.pracuj.pl/praca/przedstawiciel-medyczny-przedstawicielka-medyczna-klodzko,oferta,1004570881?s=1f7c2c91&searchId=MTc2ODgzMjgxODc5Ny43MTU4","Przejdź do treści ogłoszenia Przejdź do panelu aplikowania Przejdź do panelu bocznego Przejdź do stopki Oferty pracy Pобота Profile pracodawców Porady i narzędzia Moje konto DLA FIRM Dodaj ogłoszenie Przedstawiciel Medyczny / Przedstawicielka Medyczna ZENTIVA POLSKA SP. Z O.OO firmie ważna jeszcze 20 dni (do 08 lut) Kłodzko(dolnośląskie) umowa o pracę pełny etat specjalista (mid / regular) praca mobilna(Kłodzko, Nysa, Brzeg, Świdnica) Asystent Pracuj.pl Podsumowanie oferty Wypróbuj nową funkcję "
"https://www.pracuj.pl/praca/recepcjonista-recepcjonistka-bielany-wroclawskie-pow-wroclawski-szwedzka-7,oferta,1004575581?s=1f7c2c91&searchId=MTc2ODgzMjgxODk3MC4yOTEz","Przejdź do treści ogłoszenia Przejdź do panelu aplikowania Przejdź do panelu bocznego Przejdź do stopki Oferty pracy Pобота Profile pracodawców Porady i narzędzia Moje konto DLA FIRM Dodaj ogłoszenie Recepcjonista / Recepcjonistka WROCŁAW BIELANY Q HOTEL Sp. z o.o. Sp. J.O firmie ważna jeszcze 23 dni (do 11 lut) 31,40 – 33,00 zł brutto / godz. | umowa zlecenie Szwedzka 7, Bielany Wrocławskie (pow. wrocławski)(dolnośląskie) umowa zlecenie pełny etat, część etatu pracownik fizyczny praca stacjonar"
"https://www.pracuj.pl/praca/projektant-instalacji-sanitarnych-k-m-katowice-bracka-28,oferta,1004592441?s=1f7c2c91&searchId=MTc2ODgzMjgxODgxMS44NjA2","Przejdź do treści ogłoszenia Przejdź do panelu aplikowania Przejdź do panelu bocznego Przejdź do stopki Oferty pracy Pобота Profile pracodawców Porady i narzędzia Moje konto DLA FIRM Dodaj ogłoszenie Nowość Projektant Instalacji Sanitarnych (k/m) Sweco Polska Sp. z o.o.O firmie ważna jeszcze miesiąc (do 18 lut) Bracka 28, Katowice(śląskie) umowa o pracę pełny etat specjalista (mid / regular), starszy specjalista (senior) praca stacjonarna, praca hybrydowa praca od zaraz rekrutacja zdalna Asysten"
"https://www.pracuj.pl/praca/fullstack-developer-warszawa,oferta,1004592439?s=1f7c2c91&searchId=MTc2ODgzMjgxODgxMS44NjA2","Przejdź do treści ogłoszenia Przejdź do panelu aplikowania Przejdź do panelu bocznego Przejdź do stopki Oferty pracy Pобота Profile pracodawców Porady i narzędzia Moje konto DLA FIRM Dodaj ogłoszenie Nowość Fullstack Developer Connectis_O firmie ważna jeszcze miesiąc (do 18 lut) 140,00 – 180,00 zł netto (+ VAT) / godz. | kontrakt B2B Warszawa(mazowieckie) kontrakt b2b pełny etat starszy specjalista (senior) praca hybrydowa rekrutacja zdalna Asystent Pracuj.pl Podsumowanie oferty Wypróbuj nową fu"
"https://www.pracuj.pl/praca/starszy-specjalista-starsza-specjalistka-ds-ksiegowo-finansowych-andrychow-krakowska-83c,oferta,1004555307?s=1f7c2c91&searchId=MTc2ODgzMjgxODk3MC4yOTEz","Przejdź do treści ogłoszenia Przejdź do panelu aplikowania Przejdź do panelu bocznego Przejdź do stopki Oferty pracy Pобота Profile pracodawców Porady i narzędzia Moje konto DLA FIRM Dodaj ogłoszenie Starszy specjalista / Starsza specjalistka ds. księgowo-finansowych MARDRUK OPAKOWANIA sp. z o.o. SPÓŁKA KOMANDYTOWAO firmie ważna jeszcze 10 dni (do 29 sty) Krakowska 83C, Andrychów(małopolskie) umowa o pracę pełny etat starszy specjalista (senior) praca stacjonarna praca od zaraz Asystent Pracuj.p"
"https://www.pracuj.pl/praca/kierowca-miedzynarodowy-kat-c%2be-legnica,oferta,1004592438?s=1f7c2c91&searchId=MTc2ODgzMjgxODgxMS44NjA2",Przejdź do treści ogłoszenia Przejdź do panelu aplikowania Przejdź do panelu bocznego Przejdź do stopki Oferty pracy Pобота Profile pracodawców Porady i narzędzia Moje konto DLA FIRM Dodaj ogłoszenie Nowość Kierowca międzynarodowy kat. C+E FÜRST TRANSPORTE sp. z o.o.O firmie ważna jeszcze miesiąc (do 18 lut) 9 000 – 13 000 zł brutto / mies. | umowa o pracę Legnica(dolnośląskie) umowa o pracę pełny etat pracownik fizyczny praca mobilna(Niemcy) praca od zaraz pracodawca nie wymaga cv запрошуємо пр
"https://www.pracuj.pl/praca/specjalista-ds-wsparcia-technicznego-it-k-m-piotrkow-trybunalski,oferta,1004575669?s=1f7c2c91&searchId=MTc2ODgzMjgxODc5Ny43MTU4","Przejdź do treści ogłoszenia Przejdź do panelu aplikowania Przejdź do panelu bocznego Przejdź do stopki Oferty pracy Pобота Profile pracodawców Porady i narzędzia Moje konto DLA FIRM Dodaj ogłoszenie Specjalista ds. Wsparcia Technicznego IT (K/M) ZAMET INDUSTRY SP. Z O.O.O firmie ważna jeszcze 23 dni (do 11 lut) Piotrków Trybunalski(łódzkie) umowa o pracę pełny etat młodszy specjalista (junior), specjalista (mid / regular) praca stacjonarna praca od zaraz rekrutacja zdalna запрошуємо працівників"
"https://www.pracuj.pl/praca/lider-liderka-procesu-m-k-komorniki-gm-komorniki-diamentowa-1,oferta,1004592327?s=1f7c2c91&searchId=MTc2ODgzMjgxODk3MC4yOTEz","Przejdź do treści ogłoszenia Przejdź do panelu aplikowania Przejdź do panelu bocznego Przejdź do stopki Oferty pracy Pобота Profile pracodawców Porady i narzędzia Moje konto DLA FIRM Dodaj ogłoszenie Nowość Lider/Liderka Procesu (m/k) ArvatoO firmie ważna jeszcze miesiąc (do 18 lut) Diamentowa 1, Komorniki (gm. Komorniki)(wielkopolskie) umowa o pracę pełny etat menedżer praca hybrydowa praca od zaraz szukamy wielu kandydatów(2 wakaty) rekrutacja zdalna запрошуємо працівників з україни Asystent P"
"https://www.pracuj.pl/praca/content-i-social-media-manager-gdansk-aleja-generala-jozefa-hallera-134,oferta,1004570746?s=1f7c2c91&searchId=MTc2ODgzMjgxODk3MC4yOTEz","Przejdź do treści ogłoszenia Przejdź do panelu aplikowania Przejdź do panelu bocznego Przejdź do stopki Oferty pracy Pобота Profile pracodawców Porady i narzędzia Moje konto DLA FIRM Dodaj ogłoszenie Content i Social Media Manager AMGS GROUP Jerz i Gigołło Sp. KomandytowaO firmie ważna jeszcze 20 dni (do 08 lut) 7 500 – 10 000 zł brutto / mies. | umowa o pracę 9 500 – 12 000 zł netto (+ VAT) / mies. | kontrakt B2B Aleja Generała Józefa Hallera 134, Gdańsk(pomorskie) umowa o pracę, kontrakt b2b p"
"https://www.pracuj.pl/praca/lakiernik-samochodowy-k-m-wysogotowo-pow-poznanski-skorzewska-8,oferta,1004585105?s=1f7c2c91&searchId=MTc2ODgzMjgxODk3MC4yOTEz","Przejdź do treści ogłoszenia Przejdź do panelu aplikowania Przejdź do panelu bocznego Przejdź do stopki Oferty pracy Pобота Profile pracodawców Porady i narzędzia Moje konto DLA FIRM Dodaj ogłoszenie Lakiernik samochodowy (k/m) Grupa Cichy-Zasada sp. z o.o. sp. j.O firmie ważna jeszcze miesiąc (do 14 lut) Skórzewska 8, Wysogotowo (pow. poznański)(wielkopolskie) umowa o pracę pełny etat pracownik fizyczny praca stacjonarna praca od zaraz Asystent Pracuj.pl Podsumowanie oferty Wypróbuj nową funkcj"
"https://www.pracuj.pl/praca/magister-farmacji-m-k-os-tomaszow-mazowiecki-bohaterow-14-brygady-17,oferta,1004570880?s=1f7c2c91&searchId=MTc2ODgzMjgxODc5Ny43MTU4","Przejdź do treści ogłoszenia Przejdź do panelu aplikowania Przejdź do panelu bocznego Przejdź do stopki Oferty pracy Pобота Profile pracodawców Porady i narzędzia Moje konto DLA FIRM Dodaj ogłoszenie Magister Farmacji (m/k/os) DOZ S.A.O firmie ważna jeszcze 20 dni (do 08 lut) Bohaterów 14 Brygady 17, Tomaszów Mazowiecki(łódzkie) umowa o pracę, umowa zlecenie pełny etat młodszy specjalista (junior), specjalista (mid / regular) praca stacjonarna Asystent Pracuj.pl Podsumowanie oferty Wypróbuj nową"
"https://www.pracuj.pl/praca/project-manager-warszawa-ogrodowa-58,oferta,1004592440?s=1f7c2c91&searchId=MTc2ODgzMjgxODgxMS44NjA2","Przejdź do treści ogłoszenia Przejdź do panelu aplikowania Przejdź do panelu bocznego Przejdź do stopki Oferty pracy Pобота Profile pracodawców Porady i narzędzia Moje konto DLA FIRM Dodaj ogłoszenie Nowość Project Manager ZEME sp. z o.o.O firmie ważna jeszcze miesiąc (do 18 lut) Ogrodowa 58, Wola, Warszawa(mazowieckie) umowa o pracę, kontrakt b2b pełny etat specjalista (mid / regular), starszy specjalista (senior) praca hybrydowa Asystent Pracuj.pl Podsumowanie oferty Wypróbuj nową funkcję - po"
"https://www.pracuj.pl/praca/kasjer-sprzedawca-k-m-krakow,oferta,1004582144?s=1f7c2c91&searchId=MTc2ODgzMjgxODc5Ny43MTU4","Przejdź do treści ogłoszenia Przejdź do panelu aplikowania Przejdź do panelu bocznego Przejdź do stopki Oferty pracy Pобота Profile pracodawców Porady i narzędzia Moje konto DLA FIRM Dodaj ogłoszenie Kasjer / Sprzedawca (k/m) WORKHOUSE4YOU SPÓŁKA Z OGRANICZONĄ ODPOWIEDZIALNOŚCIĄO firmie ważna jeszcze 25 dni (do 13 lut) 31,40 zł brutto / godz. | umowa zlecenie Kraków(małopolskie) umowa zlecenie część etatu pracownik fizyczny praca stacjonarna praca od zaraz pracodawca nie wymaga cv Asystent Pracu"
"https://www.pracuj.pl/praca/backend-developer-net-wpf-gliwice-krolowej-bony-13,oferta,1004550077?s=1f7c2c91&searchId=MTc2ODgzMjgxODk3MC4yOTEz","Przejdź do treści ogłoszenia Przejdź do panelu aplikowania Przejdź do panelu bocznego Przejdź do stopki Oferty pracy Pобота Profile pracodawców Porady i narzędzia Moje konto DLA FIRM Dodaj ogłoszenie Backend Developer (.NET) - WPF YUVENDA PolskaO firmie ważna jeszcze 2 dni (do 21 sty) 10 000 – 14 000 zł brutto / mies. | umowa o pracę 12 000 – 16 800 zł netto (+ VAT) / mies. | kontrakt B2B Królowej Bony 13, Gliwice(śląskie) umowa o pracę, kontrakt b2b pełny etat specjalista (mid / regular) praca "
"https://www.pracuj.pl/praca/asystent-ka-dzialu-ksiegowosci-rozliczenie-podrozy-i-wydatkow-warszawa,oferta,1004582141?s=1f7c2c91&searchId=MTc2ODgzMjgxODc5Ny43MTU4","Przejdź do treści ogłoszenia Przejdź do panelu aplikowania Przejdź do panelu bocznego Przejdź do stopki Oferty pracy Pобота Profile pracodawców Porady i narzędzia Moje konto DLA FIRM Dodaj ogłoszenie Asystent/ka działu księgowości (rozliczenie podróży i wydatków) ManpowerO firmie ważna jeszcze 25 dni (do 13 lut) Warszawa(mazowieckie) umowa o pracę tymczasową pełny etat asystent praca stacjonarna Asystent Pracuj.pl Podsumowanie oferty Wypróbuj nową funkcję - pomoże Ci ocenić, czy ta oferta może b"
"https://www.pracuj.pl/praca/asystent-asystentka-ds-sprzedazy-lodz,oferta,1004592437?s=1f7c2c91&searchId=MTc2ODgzMjgxODgxMS44NjA2","Przejdź do treści ogłoszenia Przejdź do panelu aplikowania Przejdź do panelu bocznego Przejdź do stopki Oferty pracy Pобота Profile pracodawców Porady i narzędzia Moje konto DLA FIRM Dodaj ogłoszenie Nowość Asystent / Asystentka ds. sprzedaży PGC Polska Grupa Ceramiczna Sp. z o.o.O firmie ważna jeszcze miesiąc (do 18 lut) Łódź(łódzkie) umowa o pracę pełny etat asystent praca stacjonarna praca od zaraz Asystent Pracuj.pl Podsumowanie oferty Wypróbuj nową funkcję - pomoże Ci ocenić, czy ta oferta "
"https://www.pracuj.pl/praca/przedstawiciel-przedstawicielka-handlowa-wroclaw-aleja-karkonoska-45,oferta,1004592436?s=1f7c2c91&searchId=MTc2ODgzMjgxODgxMS44NjA2","Przejdź do treści ogłoszenia Przejdź do panelu aplikowania Przejdź do panelu bocznego Przejdź do stopki Oferty pracy Pобота Profile pracodawców Porady i narzędzia Moje konto DLA FIRM Dodaj ogłoszenie Nowość Przedstawiciel / Przedstawicielka Handlowa ADF AUTO Spółka z o.o.O firmie ważna jeszcze miesiąc (do 18 lut) aleja Karkonoska 45, Krzyki, Wrocław(dolnośląskie) umowa o pracę pełny etat specjalista (mid / regular) praca mobilna(województwo dolnośląskie, głównie Wrocław i okolice) praca od zaraz"
"https://www.pracuj.pl/praca/kierowca-kat-c%2be-operator-m-k-warszawa-mszczonowska-19,oferta,1004563760?s=1f7c2c91&searchId=MTc2ODgzMjgxODk3MC4yOTEz","Przejdź do treści ogłoszenia Przejdź do panelu aplikowania Przejdź do panelu bocznego Przejdź do stopki Oferty pracy Pобота Profile pracodawców Porady i narzędzia Moje konto DLA FIRM Dodaj ogłoszenie Kierowca kat. C+E - Operator (M/K) PREZERO BAŁTYCKA ENERGIA SPÓŁKA Z OGRANICZONĄ ODPOWIEDZIALNOŚCIĄO firmie ważna jeszcze 18 dni (do 06 lut) Mszczonowska 19, Wola, Warszawa(mazowieckie) umowa o pracę pełny etat pracownik fizyczny praca stacjonarna praca od zaraz szukamy wielu kandydatów Asystent Pra"
"https://www.pracuj.pl/praca/spawacz-mma-mig-mag-dla-pojazdow-m-k-warszawa-zawodzie-5,oferta,1004563759?s=1f7c2c91&searchId=MTc2ODgzMjgxODk3MC4yOTEz","Przejdź do treści ogłoszenia Przejdź do panelu aplikowania Przejdź do panelu bocznego Przejdź do stopki Oferty pracy Pобота Profile pracodawców Porady i narzędzia Moje konto DLA FIRM Dodaj ogłoszenie Spawacz MMA/MIG/MAG dla pojazdów (M/K) PREZERO BAŁTYCKA ENERGIA SPÓŁKA Z OGRANICZONĄ ODPOWIEDZIALNOŚCIĄO firmie ważna jeszcze 18 dni (do 06 lut) Zawodzie 5, Warszawa(mazowieckie) umowa o pracę pełny etat pracownik fizyczny praca stacjonarna praca od zaraz Asystent Pracuj.pl Podsumowanie oferty Wypró"
"https://www.pracuj.pl/praca/ustawiacz-maszyn-wtryskowych-k-m-nowy-kisielin-pow-zielonogorski-nowy-kisielin-naukowa-11,oferta,1004560527?s=1f7c2c91&searchId=MTc2ODgzMjgxODc5Ny43MTU4","Przejdź do treści ogłoszenia Przejdź do panelu aplikowania Przejdź do panelu bocznego Przejdź do stopki Oferty pracy Pобота Profile pracodawców Porady i narzędzia Moje konto DLA FIRM Dodaj ogłoszenie Ustawiacz maszyn wtryskowych (K/M) Ideal Automotive Zielona Góra Sp. z o.o.O firmie ważna jeszcze 16 dni (do 04 lut) Nowy Kisielin-Naukowa 11, Nowe Miasto, Nowy Kisielin (pow. zielonogórski)(lubuskie) umowa o pracę pełny etat pracownik fizyczny praca stacjonarna praca od zaraz Asystent Pracuj.pl Pod"
"https://www.pracuj.pl/praca/brygadzista-brygadzistka-ekipy-sprzatajacej-sieradz-sosnowa-14,oferta,1004575668?s=1f7c2c91&searchId=MTc2ODgzMjgxODc5Ny43MTU4","Przejdź do treści ogłoszenia Przejdź do panelu aplikowania Przejdź do panelu bocznego Przejdź do stopki Oferty pracy Pобота Profile pracodawców Porady i narzędzia Moje konto DLA FIRM Dodaj ogłoszenie Brygadzista / Brygadzistka ekipy sprzątającej CLAR SYSTEMO firmie ważna jeszcze 23 dni (do 11 lut) 4 806 – 5 300 zł brutto / mies. | umowa o pracę tymczasową Sosnowa 14, Sieradz(łódzkie) umowa o pracę tymczasową pełny etat pracownik fizyczny praca stacjonarna praca od zaraz запрошуємо працівників з "
"https://www.pracuj.pl/praca/sprzedawca-k-m-x-bezrzecze-pow-policki-parkowa-1,oferta,1004570879?s=1f7c2c91&searchId=MTc2ODgzMjgxODc5Ny43MTU4","Przejdź do treści ogłoszenia Przejdź do panelu aplikowania Przejdź do panelu bocznego Przejdź do stopki Oferty pracy Pобота Profile pracodawców Porady i narzędzia Moje konto DLA FIRM Dodaj ogłoszenie Sprzedawca (k/m/x) Netto Sp. z o.o.O firmie ważna jeszcze 20 dni (do 08 lut) 4 990 zł brutto / mies. | umowa o pracę Parkowa 1, Bezrzecze (pow. policki)(zachodniopomorskie) umowa o pracę pełny etat pracownik fizyczny praca stacjonarna Asystent Pracuj.pl Podsumowanie oferty Wypróbuj nową funkcję - po"
"https://www.pracuj.pl/praca/starszy-specjalista-starsza-specjalistka-ds-ksiegowosci-warszawa-prosta-68,oferta,1004578958?s=1f7c2c91&searchId=MTc2ODgzMjgxODgxMS44NjA2","Przejdź do treści ogłoszenia Przejdź do panelu aplikowania Przejdź do panelu bocznego Przejdź do stopki Oferty pracy Pобота Profile pracodawców Porady i narzędzia Moje konto DLA FIRM Dodaj ogłoszenie Starszy Specjalista/ Starsza Specjalistka ds. Księgowości Grupa PracujO firmie ważna jeszcze ponad miesiąc (do 27 lut) 9 000 – 12 000 zł brutto / mies. | umowa o pracę Prosta 68, Wola, Warszawa(mazowieckie) umowa o pracę pełny etat starszy specjalista (senior) praca hybrydowa praca od zaraz rekrutac"
"https://www.pracuj.pl/praca/kierowca-kat-c-technik-serwisant-m-k-warszawa-zawodzie-5,oferta,1004563755?s=1f7c2c91&searchId=MTc2ODgzMjgxODk3MC4yOTEz","Przejdź do treści ogłoszenia Przejdź do panelu aplikowania Przejdź do panelu bocznego Przejdź do stopki Oferty pracy Pобота Profile pracodawców Porady i narzędzia Moje konto DLA FIRM Dodaj ogłoszenie Kierowca kat. C - Technik Serwisant (M/K) PREZERO BAŁTYCKA ENERGIA SPÓŁKA Z OGRANICZONĄ ODPOWIEDZIALNOŚCIĄO firmie ważna jeszcze 18 dni (do 06 lut) Zawodzie 5, Warszawa(mazowieckie) umowa na zastępstwo pełny etat pracownik fizyczny praca mobilna(Polska) praca od zaraz Asystent Pracuj.pl Podsumowanie"
"https://www.pracuj.pl/praca/staz-w-dziale-bezpieczenstwo-przedsiebiorstwa-poznan-warszawska-349,oferta,1004582139?s=1f7c2c91&searchId=MTc2ODgzMjgxODc5Ny43MTU4","Przejdź do treści ogłoszenia Przejdź do panelu aplikowania Przejdź do panelu bocznego Przejdź do stopki Oferty pracy Pобота Profile pracodawców Porady i narzędzia Moje konto DLA FIRM Dodaj ogłoszenie Staż w dziale Bezpieczeństwo Przedsiębiorstwa Volkswagen Poznań Sp. z o.o.O firmie ważna jeszcze 25 dni (do 13 lut) 6 984 zł brutto / mies. | umowa o pracę Warszawska 349, Nowe Miasto, Poznań(wielkopolskie) umowa o pracę pełny etat praktykant / stażysta praca hybrydowa praca od zaraz rekrutacja zdal"
"https://www.pracuj.pl/praca/kierownik-kierowniczka-dzialu-marketingu-i-pr-gdansk-grzegorza-z-sanoka-2,oferta,1004560533?s=1f7c2c91&searchId=MTc2ODgzMjgxODgxMS44NjA2","Przejdź do treści ogłoszenia Przejdź do panelu aplikowania Przejdź do panelu bocznego Przejdź do stopki Oferty pracy Pобота Profile pracodawców Porady i narzędzia Moje konto DLA FIRM Dodaj ogłoszenie Kierownik / Kierowniczka Działu Marketingu i PR MERCOR LIGHT&VENT SPÓŁKA Z OGRANICZONĄ ODPOWIEDZIALNOŚCIĄO firmie ważna jeszcze 16 dni (do 04 lut) Grzegorza z Sanoka 2, Gdańsk(pomorskie) umowa o pracę pełny etat kierownik / koordynator praca stacjonarna Asystent Pracuj.pl Podsumowanie oferty Wypróbu"
"https://www.pracuj.pl/praca/starszy-sprzedawca-kasjer-k-m-nieporet-pow-legionowski-jana-kazimierza-263,oferta,1004592421?s=1f7c2c91&searchId=MTc2ODgzMjgxODc5Ny43MTU4","Przejdź do treści ogłoszenia Przejdź do panelu aplikowania Przejdź do panelu bocznego Przejdź do stopki Oferty pracy Pобота Profile pracodawców Porady i narzędzia Moje konto DLA FIRM Dodaj ogłoszenie Nowość Starszy Sprzedawca - Kasjer (k/m) Martes Sport Sp. z o. o.O firmie ważna jeszcze miesiąc (do 18 lut) Jana Kazimierza 263, Nieporęt (pow. legionowski)(mazowieckie) umowa o pracę pełny etat pracownik fizyczny praca stacjonarna praca od zaraz szukamy wielu kandydatów запрошуємо працівників з укр"
"https://www.pracuj.pl/praca/specjalista-ds-operacji-finansowych-i-danych-z-jezykiem-francuskim-k-m-warszawa,oferta,1004570742?s=1f7c2c91&searchId=MTc2ODgzMjgxODk3MC4yOTEz",Przejdź do treści ogłoszenia Przejdź do panelu aplikowania Przejdź do panelu bocznego Przejdź do stopki Oferty pracy Pобота Profile pracodawców Porady i narzędzia Moje konto DLA FIRM Dodaj ogłoszenie Specjalista ds. Operacji Finansowych i Danych z językiem francuskim (K/M) Antal Banking & InsuranceO firmie ważna jeszcze 20 dni (do 08 lut) 7 500 – 10 000 zł brutto / mies. | umowa o pracę Warszawa(mazowieckie) umowa o pracę pełny etat specjalista (mid / regular) praca hybrydowa Asystent Pracuj.pl 
"https://www.pracuj.pl/praca/kurier-kierowca-w-firmie-kurierskiej-opole,oferta,1004570878?s=1f7c2c91&searchId=MTc2ODgzMjgxODc5Ny43MTU4","Przejdź do treści ogłoszenia Przejdź do panelu aplikowania Przejdź do panelu bocznego Przejdź do stopki Oferty pracy Pобота Profile pracodawców Porady i narzędzia Moje konto DLA FIRM Dodaj ogłoszenie Kurier - Kierowca w Firmie Kurierskiej GLOB Drukarnia BARBARA WIŚNIEWSKAO firmie ważna jeszcze 20 dni (do 08 lut) 5 500 – 6 500 zł brutto / mies. | umowa o pracę 5 500 – 6 500 zł brutto / mies. | umowa zlecenie Opole(opolskie) umowa o pracę, umowa zlecenie, kontrakt b2b część etatu pracownik fizyczn"
"https://www.pracuj.pl/praca/koordynator-ka-marketplace-zambrow,oferta,1004555303?s=1f7c2c91&searchId=MTc2ODgzMjgxODk3MC4yOTEz","Przejdź do treści ogłoszenia Przejdź do panelu aplikowania Przejdź do panelu bocznego Przejdź do stopki Oferty pracy Pобота Profile pracodawców Porady i narzędzia Moje konto DLA FIRM Dodaj ogłoszenie Koordynator/-ka Marketplace OSTROVIT sp. z o.o.O firmie ważna jeszcze 10 dni (do 29 sty) 6 850 – 9 800 zł brutto / mies. | umowa o pracę Siedziba firmy: Zambrów(podlaskie) Miejsce pracy: Cała Polska (praca zdalna) umowa o pracę, kontrakt b2b pełny etat kierownik / koordynator praca stacjonarna, prac"
"https://www.pracuj.pl/praca/sprzedawca-k-m-x-plock-aleja-floriana-kobylinskiego-31,oferta,1004570894?s=1f7c2c91&searchId=MTc2ODgzMjgxODgxMS44NjA2","Przejdź do treści ogłoszenia Przejdź do panelu aplikowania Przejdź do panelu bocznego Przejdź do stopki Oferty pracy Pобота Profile pracodawców Porady i narzędzia Moje konto DLA FIRM Dodaj ogłoszenie Sprzedawca (k/m/x) Netto Sp. z o.o.O firmie ważna jeszcze 20 dni (do 08 lut) 4 806 zł brutto / mies. | umowa o pracę aleja Floriana Kobylińskiego 31, Płock(mazowieckie) umowa o pracę pełny etat pracownik fizyczny praca stacjonarna Asystent Pracuj.pl Podsumowanie oferty Wypróbuj nową funkcję - pomoże"
"https://www.pracuj.pl/praca/magister-farmacji-m-k-os-krapkowice,oferta,1004592422?s=1f7c2c91&searchId=MTc2ODgzMjgxODc5Ny43MTU4","Przejdź do treści ogłoszenia Przejdź do panelu aplikowania Przejdź do panelu bocznego Przejdź do stopki Oferty pracy Pобота Profile pracodawców Porady i narzędzia Moje konto DLA FIRM Dodaj ogłoszenie Nowość Magister Farmacji (m/k/os) DOZ S.A.O firmie ważna jeszcze miesiąc (do 18 lut) Krapkowice(opolskie) umowa o pracę, umowa zlecenie pełny etat młodszy specjalista (junior), specjalista (mid / regular) praca stacjonarna Asystent Pracuj.pl Podsumowanie oferty Wypróbuj nową funkcję - pomoże Ci ocen"
"https://www.pracuj.pl/praca/drukarz-offsetowy-k-m-lodz-aleksandrowska-55,oferta,1004560541?s=1f7c2c91&searchId=MTc2ODgzMjgxODgxMS44NjA2","Przejdź do treści ogłoszenia Przejdź do panelu aplikowania Przejdź do panelu bocznego Przejdź do stopki Oferty pracy Pобота Profile pracodawców Porady i narzędzia Moje konto DLA FIRM Dodaj ogłoszenie Drukarz offsetowy (k/m) Amcor Specialty Cartons Polska Spółka z o.o.O firmie ważna jeszcze 16 dni (do 04 lut) Aleksandrowska 55, Bałuty, Łódź(łódzkie) umowa o pracę pełny etat młodszy specjalista (junior), specjalista (mid / regular) praca stacjonarna Asystent Pracuj.pl Podsumowanie oferty Wypróbuj "
"https://www.pracuj.pl/praca/omnichannel-operations-manager-warszawa-wybrzeze-gdynskie-6d,oferta,1004592423?s=1f7c2c91&searchId=MTc2ODgzMjgxODc5Ny43MTU4","Przejdź do treści ogłoszenia Przejdź do panelu aplikowania Przejdź do panelu bocznego Przejdź do stopki Oferty pracy Pобота Profile pracodawców Porady i narzędzia Moje konto DLA FIRM Dodaj ogłoszenie Nowość Omnichannel Operations Manager MAXI ZOOO firmie ważna jeszcze miesiąc (do 18 lut) Wybrzeże Gdyńskie 6D, Żoliborz, Warszawa(mazowieckie) umowa o pracę pełny etat kierownik / koordynator, menedżer praca hybrydowa Asystent Pracuj.pl Podsumowanie oferty Wypróbuj nową funkcję - pomoże Ci ocenić, c"
"https://www.pracuj.pl/praca/llm-engineer-f-m-x-wroclaw-na-ostatnim-groszu-3,oferta,1004575679?s=1f7c2c91&searchId=MTc2ODgzMjgxODgxMS44NjA2","Przejdź do treści ogłoszenia Przejdź do panelu aplikowania Przejdź do panelu bocznego Przejdź do stopki Oferty pracy Pобота Profile pracodawców Porady i narzędzia Moje konto DLA FIRM Dodaj ogłoszenie LLM Engineer (f/m/x) Sii Sp. z o.o.About the company valid for 23 days (to 11 Feb) Na Ostatnim Groszu 3, Fabryczna, Wrocław(Lower Silesia) contract of employment, b2b contract full-time senior specialist (senior) full office work, hybrid work Asystent Pracuj.pl Podsumowanie oferty Wypróbuj nową funk"
"https://www.pracuj.pl/praca/specjalista-specjalistka-ds-systemow-informatycznych-i-e-uslug-w-wydziale-realiz-warszawa-jana-olbrachta-94b,oferta,1004592326?s=1f7c2c91&searchId=MTc2ODgzMjgxODk3MC4yOTEz","Przejdź do treści ogłoszenia Przejdź do panelu aplikowania Przejdź do panelu bocznego Przejdź do stopki Oferty pracy Pобота Profile pracodawców Porady i narzędzia Moje konto DLA FIRM Dodaj ogłoszenie Nowość Specjalista / Specjalistka ds. systemów informatycznych i e-usług w Wydziale Realizacji Projektu Smart Geoportal Główny Urząd Geodezji i KartografiiO firmie ważna jeszcze 6 dni (do 25 sty) 10 000 zł brutto / mies. | umowa o pracę Jana Olbrachta 94B, Wola, Warszawa(mazowieckie) umowa o pracę p"
"https://www.pracuj.pl/praca/analityk-analityczka-w-pracowni-analiz-chemicznych-gdynia-chwaszczynska-180,oferta,1004592418?s=1f7c2c91&searchId=MTc2ODgzMjgxODc5Ny43MTU4","Przejdź do treści ogłoszenia Przejdź do panelu aplikowania Przejdź do panelu bocznego Przejdź do stopki Oferty pracy Pобота Profile pracodawców Porady i narzędzia Moje konto DLA FIRM Dodaj ogłoszenie Nowość Analityk / Analityczka w Pracowni Analiz Chemicznych J.S. Hamilton Poland Sp. z o.o.O firmie ważna jeszcze miesiąc (do 18 lut) Chwaszczyńska 180, Dąbrowa, Gdynia(pomorskie) umowa o pracę pełny etat asystent, młodszy specjalista (junior) praca stacjonarna Asystent Pracuj.pl Podsumowanie oferty"
"https://www.pracuj.pl/praca/osoba-do-pracy-w-magazynie-czeladz,oferta,1004570890?s=1f7c2c91&searchId=MTc2ODgzMjgxODgxMS44NjA2","Przejdź do treści ogłoszenia Przejdź do panelu aplikowania Przejdź do panelu bocznego Przejdź do stopki Oferty pracy Pобота Profile pracodawców Porady i narzędzia Moje konto DLA FIRM Dodaj ogłoszenie Osoba do pracy w magazynie ROWIS SYSTEM sp.j. M.SIEMIŃSKI I ST.WILKO firmie ważna jeszcze 20 dni (do 08 lut) Czeladź(śląskie) umowa o pracę pełny etat pracownik fizyczny praca stacjonarna Asystent Pracuj.pl Podsumowanie oferty Wypróbuj nową funkcję - pomoże Ci ocenić, czy ta oferta może być dla Cieb"
"https://www.pracuj.pl/praca/kontroler-oplat-parkingowych-katowice,oferta,1004560521?s=1f7c2c91&searchId=MTc2ODgzMjgxODc5Ny43MTU4","Przejdź do treści ogłoszenia Przejdź do panelu aplikowania Przejdź do panelu bocznego Przejdź do stopki Oferty pracy Pобота Profile pracodawców Porady i narzędzia Moje konto DLA FIRM Dodaj ogłoszenie Kontroler opłat parkingowych APCOA Polska Sp. z o.o.O firmie ważna jeszcze 16 dni (do 04 lut) 31,40 zł brutto / godz. | umowa zlecenie Katowice(śląskie) umowa zlecenie pełny etat pracownik fizyczny praca mobilna praca od zaraz Asystent Pracuj.pl Podsumowanie oferty Wypróbuj nową funkcję - pomoże Ci "
"https://www.pracuj.pl/praca/kierownik-restauracji-tychy-m-k-d-tychy-fabryczna-3b,oferta,1004592324?s=1f7c2c91&searchId=MTc2ODgzMjgxODk3MC4yOTEz","Przejdź do treści ogłoszenia Przejdź do panelu aplikowania Przejdź do panelu bocznego Przejdź do stopki Oferty pracy Pобота Profile pracodawców Porady i narzędzia Moje konto DLA FIRM Dodaj ogłoszenie Nowość Kierownik Restauracji | Tychy (m/k/d) Max Poland Sp. z o.o.O firmie ważna jeszcze miesiąc (do 18 lut) 7 350 – 9 250 zł brutto / mies. | umowa o pracę Fabryczna 3b, Tychy(śląskie) umowa o pracę pełny etat menedżer praca stacjonarna Asystent Pracuj.pl Podsumowanie oferty Wypróbuj nową funkcję -"
"https://www.pracuj.pl/praca/mlodszy-a-specjalista-ka-w-centrum-wsparcia-klienta-sochaczew-olimpijska-16,oferta,1004592434?s=1f7c2c91&searchId=MTc2ODgzMjgxODgxMS44NjA2","Przejdź do treści ogłoszenia Przejdź do panelu aplikowania Przejdź do panelu bocznego Przejdź do stopki Oferty pracy Pобота Profile pracodawców Porady i narzędzia Moje konto DLA FIRM Dodaj ogłoszenie Młodszy/a Specjalista/ka w Centrum Wsparcia Klienta Empik S.A.O firmie ogłoszenie wygasło 12 minut temu Olimpijska 16, Sochaczew(mazowieckie) umowa o pracę pełny etat młodszy specjalista (junior) praca stacjonarna Asystent Pracuj.pl Podsumowanie oferty Wypróbuj nową funkcję - pomoże Ci ocenić, czy t"
"https://www.pracuj.pl/praca/dyrektorka-dyrektor-marketingu-katowice-szopienicka-77,oferta,1004560475?s=1f7c2c91&searchId=MTc2ODgzMjgxODk3MC4yOTEz","Przejdź do treści ogłoszenia Przejdź do panelu aplikowania Przejdź do panelu bocznego Przejdź do stopki Oferty pracy Pобота Profile pracodawców Porady i narzędzia Moje konto DLA FIRM Dodaj ogłoszenie Dyrektorka / Dyrektor Marketingu GK FarmacolO firmie ważna jeszcze 16 dni (do 04 lut) Szopienicka 77, Katowice(śląskie) umowa o pracę pełny etat dyrektor praca stacjonarna praca od zaraz Asystent Pracuj.pl Podsumowanie oferty Wypróbuj nową funkcję - pomoże Ci ocenić, czy ta oferta może być dla Ciebi"
"https://www.pracuj.pl/praca/junior-programmer-m-f-warszawa,oferta,1004592420?s=1f7c2c91&searchId=MTc2ODgzMjgxODc5Ny43MTU4",Przejdź do treści ogłoszenia Przejdź do panelu aplikowania Przejdź do panelu bocznego Przejdź do stopki Oferty pracy Pобота Profile pracodawców Porady i narzędzia Moje konto DLA FIRM Dodaj ogłoszenie New Junior Programmer (m/f) TrenkwalderAbout the company valid for a month (to 18 Feb) 14 000 – 18 000 zł gross / mth. | contract of employment Warszawa(Masovian) contract of employment full-time junior specialist (junior) hybrid work immediate employment Asystent Pracuj.pl Podsumowanie oferty Wypró
"https://www.pracuj.pl/praca/dyrektor-dyrektorka-oddzialu-zaklad-gazowniczy-gdansk,oferta,1004592419?s=1f7c2c91&searchId=MTc2ODgzMjgxODc5Ny43MTU4","Przejdź do treści ogłoszenia Przejdź do panelu aplikowania Przejdź do panelu bocznego Przejdź do stopki Oferty pracy Pобота Profile pracodawców Porady i narzędzia Moje konto DLA FIRM Dodaj ogłoszenie Nowość Dyrektor/Dyrektorka Oddziału Zakład Gazowniczy Polska Spółka Gazownictwa sp. z o.o.O firmie ważna jeszcze 14 dni (do 02 lut) Gdańsk(pomorskie) umowa o pracę pełny etat dyrektor praca stacjonarna Asystent Pracuj.pl Podsumowanie oferty Wypróbuj nową funkcję - pomoże Ci ocenić, czy ta oferta moż"
"https://www.pracuj.pl/praca/monter-maszyn-i-linii-produkcyjnych-z-jez-angielskim-warszawa-nowy-sluzewiec-1,oferta,1004581973?s=1f7c2c91&searchId=MTc2ODgzMjgxODk3MC4yOTEz","Przejdź do treści ogłoszenia Przejdź do panelu aplikowania Przejdź do panelu bocznego Przejdź do stopki Oferty pracy Pобота Profile pracodawców Porady i narzędzia Moje konto DLA FIRM Dodaj ogłoszenie Monter Maszyn i Linii Produkcyjnych z jęz. angielskim Transmid Sp. z o.o.O firmie ważna jeszcze 25 dni (do 13 lut) 8 000 – 12 000 zł brutto / mies. | umowa o pracę 7 500 – 10 000 zł netto (+ VAT) / mies. | kontrakt B2B Nowy Służewiec 1, Ursynów, Warszawa(mazowieckie) umowa o pracę, kontrakt b2b pełn"
"https://www.pracuj.pl/praca/szef-dzialu-analiz-biznesowych-retail-fmcg-ubezpieczenia-k-m-bydgoszcz,oferta,1004550120?s=1f7c2c91&searchId=MTc2ODgzMjgxODc5Ny43MTU4",Przejdź do treści ogłoszenia Przejdź do panelu aplikowania Przejdź do panelu bocznego Przejdź do stopki Oferty pracy Pобота Profile pracodawców Porady i narzędzia Moje konto DLA FIRM Dodaj ogłoszenie Szef Działu Analiz Biznesowych (Retail / FMCG / Ubezpieczenia) (k/m) Klient Pracuj.plO firmie ważna jeszcze 3 dni (do 22 sty) Bydgoszcz(kujawsko-pomorskie) umowa o pracę pełny etat kierownik / koordynator praca stacjonarna Asystent Pracuj.pl Podsumowanie oferty Wypróbuj nową funkcję - pomoże Ci ocen
"https://www.pracuj.pl/praca/kierownik-sklepu-martes-sport-k-m-nieporet-pow-legionowski-jana-kazimierza-263,oferta,1004592435?s=1f7c2c91&searchId=MTc2ODgzMjgxODgxMS44NjA2","Przejdź do treści ogłoszenia Przejdź do panelu aplikowania Przejdź do panelu bocznego Przejdź do stopki Oferty pracy Pобота Profile pracodawców Porady i narzędzia Moje konto DLA FIRM Dodaj ogłoszenie Nowość Kierownik Sklepu Martes Sport (k/m) Martes Sport Sp. z o. o.O firmie ważna jeszcze miesiąc (do 18 lut) Jana Kazimierza 263, Nieporęt (pow. legionowski)(mazowieckie) umowa o pracę pełny etat pracownik fizyczny praca stacjonarna praca od zaraz szukamy wielu kandydatów запрошуємо працівників з у"
"https://www.pracuj.pl/praca/technik-techniczka-mechaniki-niepolomice-doktora-rudolfa-diesla-1,oferta,1004560520?s=1f7c2c91&searchId=MTc2ODgzMjgxODc5Ny43MTU4","Przejdź do treści ogłoszenia Przejdź do panelu aplikowania Przejdź do panelu bocznego Przejdź do stopki Oferty pracy Pобота Profile pracodawców Porady i narzędzia Moje konto DLA FIRM Dodaj ogłoszenie Technik / Techniczka mechaniki Apleona Polska sp. z o.o.O firmie ważna jeszcze 16 dni (do 04 lut) Doktora Rudolfa Diesla 1, Niepołomice(małopolskie) umowa o pracę pełny etat młodszy specjalista (junior), specjalista (mid / regular) praca stacjonarna praca od zaraz запрошуємо працівників з україни As"
"https://www.pracuj.pl/praca/osoba-do-obslugi-klienta-i-dostarczania-potraw-zukowo,oferta,1004548026?s=1f7c2c91&searchId=MTc2ODgzMjgxODgxMS44NjA2","Przejdź do treści ogłoszenia Przejdź do panelu aplikowania Przejdź do panelu bocznego Przejdź do stopki Oferty pracy Pобота Profile pracodawców Porady i narzędzia Moje konto DLA FIRM Dodaj ogłoszenie Osoba do obsługi klienta i dostarczania potraw IDEOLO sp. z o.o.O firmie ważna jeszcze 2 dni (do 21 sty) 30,50 – 33,50 zł brutto / godz. | umowa zlecenie Żukowo(pomorskie) umowa zlecenie pełny etat pracownik fizyczny praca stacjonarna Asystent Pracuj.pl Podsumowanie oferty Wypróbuj nową funkcję - po"
"https://www.pracuj.pl/praca/kierowca-kierowczyni-autobusu-kat-d-kutno,oferta,1004570732?s=1f7c2c91&searchId=MTc2ODgzMjgxODk3MC4yOTEz","Przejdź do treści ogłoszenia Przejdź do panelu aplikowania Przejdź do panelu bocznego Przejdź do stopki Oferty pracy Pобота Profile pracodawców Porady i narzędzia Moje konto DLA FIRM Dodaj ogłoszenie Kierowca / Kierowczyni autobusu (kat. D) PKS Gostynin Sp. z o.o.O firmie ważna jeszcze 20 dni (do 08 lut) Kutno(łódzkie) umowa o pracę pełny etat pracownik fizyczny praca mobilna praca od zaraz szukamy wielu kandydatów Asystent Pracuj.pl Podsumowanie oferty Wypróbuj nową funkcję - pomoże Ci ocenić, "
"https://www.pracuj.pl/praca/product-marketing-manager-krakow-podole-60,oferta,1004575665?s=1f7c2c91&searchId=MTc2ODgzMjgxODc5Ny43MTU4","Przejdź do treści ogłoszenia Przejdź do panelu aplikowania Przejdź do panelu bocznego Przejdź do stopki Oferty pracy Pобота Profile pracodawców Porady i narzędzia Moje konto DLA FIRM Dodaj ogłoszenie Product Marketing Manager Velis RET spółka z ograniczoną odpowiedzialnościąAbout the company valid for 23 days (to 11 Feb) 13 280 – 14 940 zł gross / mth. | contract of employment 16 000 – 18 000 zł net (+ VAT) / mth. | B2B contract Podole 60, Dębniki, Kraków(Lesser Poland) contract of employment, b"
"https://www.pracuj.pl/praca/operator-operatorka-produkcji-warszawa-annopol-3,oferta,1004585226?s=1f7c2c91&searchId=MTc2ODgzMjgxODc5Ny43MTU4","Przejdź do treści ogłoszenia Przejdź do panelu aplikowania Przejdź do panelu bocznego Przejdź do stopki Oferty pracy Pобота Profile pracodawców Porady i narzędzia Moje konto DLA FIRM Dodaj ogłoszenie Operator / Operatorka Produkcji Essilor Optical Laboratory Polska Sp. z o.o.O firmie ważna jeszcze miesiąc (do 14 lut) Annopol 3, Białołęka, Warszawa(mazowieckie) umowa o pracę pełny etat pracownik fizyczny praca stacjonarna praca od zaraz szukamy wielu kandydatów Asystent Pracuj.pl Podsumowanie ofe"
"https://www.pracuj.pl/praca/konsultant-sprzedawca-galeria-dominikanska-m-k-wroclaw-plac-dominikanski-3,oferta,1004578853?s=1f7c2c91&searchId=MTc2ODgzMjgxODk3MC4yOTEz","Przejdź do treści ogłoszenia Przejdź do panelu aplikowania Przejdź do panelu bocznego Przejdź do stopki Oferty pracy Pобота Profile pracodawców Porady i narzędzia Moje konto DLA FIRM Dodaj ogłoszenie Konsultant - Sprzedawca Galeria Dominikańska (m/k) TATUUMO firmie ważna jeszcze 24 dni (do 12 lut) plac Dominikański 3, Stare Miasto, Wrocław(dolnośląskie) umowa o pracę część etatu młodszy specjalista (junior), specjalista (mid / regular) praca stacjonarna Asystent Pracuj.pl Podsumowanie oferty Wyp"
"https://www.pracuj.pl/praca/kasjer-kasjerka-w-markecie-budowlanym-1-2-etatu-krakow,oferta,1004563858?s=1f7c2c91&searchId=MTc2ODgzMjgxODgxMS44NjA2","Przejdź do treści ogłoszenia Przejdź do panelu aplikowania Przejdź do panelu bocznego Przejdź do stopki Oferty pracy Pобота Profile pracodawców Porady i narzędzia Moje konto DLA FIRM Dodaj ogłoszenie Kasjer / Kasjerka w markecie budowlanym 1/2 etatu ATERIMA WORKO firmie ważna jeszcze 18 dni (do 06 lut) 32,00 zł brutto / godz. | umowa o pracę tymczasową Kraków(małopolskie) umowa o pracę tymczasową część etatu pracownik fizyczny praca stacjonarna praca od zaraz szukamy wielu kandydatów запрошуємо "
"https://www.pracuj.pl/praca/mlodszy-specjalista-mlodsza-specjalistka-ds-wsparcia-automatyki-i-informatyki-glogow-portowa-1,oferta,1004570892?s=1f7c2c91&searchId=MTc2ODgzMjgxODgxMS44NjA2","Przejdź do treści ogłoszenia Przejdź do panelu aplikowania Przejdź do panelu bocznego Przejdź do stopki Oferty pracy Pобота Profile pracodawców Porady i narzędzia Moje konto DLA FIRM Dodaj ogłoszenie Młodszy Specjalista/Młodsza Specjalistka ds. wsparcia automatyki i informatyki E-TOWERS FAMABA S.A.O firmie ważna jeszcze 20 dni (do 08 lut) 5 240 – 7 570 zł brutto / mies. | umowa o pracę Portowa 1, Głogów(dolnośląskie) umowa o pracę pełny etat młodszy specjalista (junior) praca stacjonarna Asysten"
"https://www.pracuj.pl/praca/key-account-manager-poznan-piatkowska-161,oferta,1004560472?s=1f7c2c91&searchId=MTc2ODgzMjgxODk3MC4yOTEz","Przejdź do treści ogłoszenia Przejdź do panelu aplikowania Przejdź do panelu bocznego Przejdź do stopki Oferty pracy Pобота Profile pracodawców Porady i narzędzia Moje konto DLA FIRM Dodaj ogłoszenie Key Account Manager Primesoft Polska Sp. z o.o.O firmie ważna jeszcze 16 dni (do 04 lut) Piątkowska 161, Jeżyce, Poznań(wielkopolskie) umowa o pracę, kontrakt b2b pełny etat specjalista (mid / regular) praca hybrydowa praca od zaraz Asystent Pracuj.pl Podsumowanie oferty Wypróbuj nową funkcję - pomo"
"https://www.pracuj.pl/praca/recepcjonistka-recepcjonista-kia-eforia-warszawa-krasnobrodzka-5,oferta,1004570872?s=1f7c2c91&searchId=MTc2ODgzMjgxODc5Ny43MTU4","Przejdź do treści ogłoszenia Przejdź do panelu aplikowania Przejdź do panelu bocznego Przejdź do stopki Oferty pracy Pобота Profile pracodawców Porady i narzędzia Moje konto DLA FIRM Dodaj ogłoszenie Recepcjonistka / Recepcjonista - KIA Eforia Grupa PGD – KIA EforiaO firmie ważna jeszcze 20 dni (do 08 lut) Krasnobrodzka 5, Targówek, Warszawa(mazowieckie) umowa o pracę pełny etat asystent praca stacjonarna Asystent Pracuj.pl Podsumowanie oferty Wypróbuj nową funkcję - pomoże Ci ocenić, czy ta ofe"
"https://www.pracuj.pl/praca/operator-prasy-krawedziowej-niemcy,oferta,11757183?s=1f7c2c91&searchId=MTc2ODgzMjgxODgxMS44NjA2",Przejdź do treści ogłoszenia Przejdź do panelu aplikowania Przejdź do panelu bocznego Przejdź do stopki Oferty pracy Pобота Profile pracodawców Porady i narzędzia Moje konto DLA FIRM Dodaj ogłoszenie Operator Prasy Krawędziowej HRQTECH SPÓŁKA Z OGRANICZONĄ ODPOWIEDZIALNOŚCIĄ SPÓŁKA KOMANDYTOWAO firmie ważna jeszcze 10 dni (do 29 sty) Niemcy(zagranica) umowa zlecenie pełny etat pracownik fizyczny praca stacjonarna praca od zaraz pracodawca nie wymaga cv rekrutacja zdalna Asystent Pracuj.pl Podsum
"https://www.pracuj.pl/praca/starszy-specjalista-starsza-specjalistka-ds-analiz-strategicznych-i-relacji-inwe-warszawa,oferta,1004581972?s=1f7c2c91&searchId=MTc2ODgzMjgxODk3MC4yOTEz","Przejdź do treści ogłoszenia Przejdź do panelu aplikowania Przejdź do panelu bocznego Przejdź do stopki Oferty pracy Pобота Profile pracodawców Porady i narzędzia Moje konto DLA FIRM Dodaj ogłoszenie Starszy Specjalista / Starsza Specjalistka ds. Analiz Strategicznych i Relacji Inwestorskich Budimex SAO firmie ważna jeszcze 25 dni (do 13 lut) Warszawa(mazowieckie) umowa o pracę pełny etat starszy specjalista (senior) praca stacjonarna, praca hybrydowa Asystent Pracuj.pl Podsumowanie oferty Wypró"
"https://www.pracuj.pl/praca/finance-administration-manager-k-m-poznan,oferta,1004592417?s=1f7c2c91&searchId=MTc2ODgzMjgxODc5Ny43MTU4","Przejdź do treści ogłoszenia Przejdź do panelu aplikowania Przejdź do panelu bocznego Przejdź do stopki Oferty pracy Pобота Profile pracodawców Porady i narzędzia Moje konto DLA FIRM Dodaj ogłoszenie Nowość Finance & Administration Manager (k/m) MolttonO firmie ważna jeszcze miesiąc (do 18 lut) Poznań(wielkopolskie) umowa o pracę pełny etat menedżer praca hybrydowa Asystent Pracuj.pl Podsumowanie oferty Wypróbuj nową funkcję - pomoże Ci ocenić, czy ta oferta może być dla Ciebie. Pokaż podsumowan"
"https://www.pracuj.pl/praca/partnerka-partner-ds-koncesji-poznan,oferta,1004570886?s=1f7c2c91&searchId=MTc2ODgzMjgxODgxMS44NjA2","Przejdź do treści ogłoszenia Przejdź do panelu aplikowania Przejdź do panelu bocznego Przejdź do stopki Oferty pracy Pобота Profile pracodawców Porady i narzędzia Moje konto DLA FIRM Dodaj ogłoszenie Partnerka/Partner ds. koncesji Żabka PolskaO firmie ważna jeszcze 20 dni (do 08 lut) Poznań(wielkopolskie) kontrakt b2b pełny etat ekspert praca mobilna praca od zaraz Asystent Pracuj.pl Podsumowanie oferty Wypróbuj nową funkcję - pomoże Ci ocenić, czy ta oferta może być dla Ciebie. Pokaż podsumowan"
"https://www.pracuj.pl/praca/pracownik-pracownica-produkcji-operator-operatorka-produkcji-skrzyszow-pow-wodzislawski,oferta,1004570871?s=1f7c2c91&searchId=MTc2ODgzMjgxODc5Ny43MTU4",Przejdź do treści ogłoszenia Przejdź do panelu aplikowania Przejdź do panelu bocznego Przejdź do stopki Oferty pracy Pобота Profile pracodawców Porady i narzędzia Moje konto DLA FIRM Dodaj ogłoszenie Pracownik / Pracownica produkcji - Operator / Operatorka produkcji Capek Sp. z o.o.O firmie ważna jeszcze 20 dni (do 08 lut) 5 800 zł brutto / mies. | umowa o pracę Skrzyszów (pow. wodzisławski)(śląskie) umowa o pracę pełny etat pracownik fizyczny praca stacjonarna pracodawca nie wymaga cv Asystent 
"https://www.pracuj.pl/praca/kierownik-kierowniczka-operacji-magazynowych-mszczonow-lugowa-88,oferta,1004582118?s=1f7c2c91&searchId=MTc2ODgzMjgxODc5Ny43MTU4","Przejdź do treści ogłoszenia Przejdź do panelu aplikowania Przejdź do panelu bocznego Przejdź do stopki Oferty pracy Pобота Profile pracodawców Porady i narzędzia Moje konto DLA FIRM Dodaj ogłoszenie Kierownik/kierowniczka operacji magazynowych ID LOGISTICS POLSKA S.A.O firmie ważna jeszcze 25 dni (do 13 lut) Ługowa 88, Mszczonów(mazowieckie) umowa o pracę pełny etat kierownik / koordynator, menedżer praca stacjonarna praca od zaraz Asystent Pracuj.pl Podsumowanie oferty Wypróbuj nową funkcję - "
"https://www.pracuj.pl/praca/doradca-klienta-k-m-n-bochnia-plac-gazaris-6a,oferta,1004592323?s=1f7c2c91&searchId=MTc2ODgzMjgxODk3MC4yOTEz","Przejdź do treści ogłoszenia Przejdź do panelu aplikowania Przejdź do panelu bocznego Przejdź do stopki Oferty pracy Pобота Profile pracodawców Porady i narzędzia Moje konto DLA FIRM Dodaj ogłoszenie Nowość Doradca Klienta (K/M/N) RTV EURO AGDO firmie ważna jeszcze miesiąc (do 18 lut) Plac Gazaris 6A, Bochnia(małopolskie) umowa o pracę pełny etat młodszy specjalista (junior), specjalista (mid / regular) praca stacjonarna praca od zaraz rekrutacja zdalna Asystent Pracuj.pl Podsumowanie oferty Wyp"
"https://www.pracuj.pl/praca/kontroler-oplat-parkingowych-chorzow,oferta,1004560519?s=1f7c2c91&searchId=MTc2ODgzMjgxODc5Ny43MTU4","Przejdź do treści ogłoszenia Przejdź do panelu aplikowania Przejdź do panelu bocznego Przejdź do stopki Oferty pracy Pобота Profile pracodawców Porady i narzędzia Moje konto DLA FIRM Dodaj ogłoszenie Kontroler opłat parkingowych APCOA Polska Sp. z o.o.O firmie ważna jeszcze 16 dni (do 04 lut) 31,40 zł brutto / godz. | umowa zlecenie Chorzów(śląskie) umowa zlecenie pełny etat pracownik fizyczny praca mobilna praca od zaraz Asystent Pracuj.pl Podsumowanie oferty Wypróbuj nową funkcję - pomoże Ci o"
"https://www.pracuj.pl/praca/koordynator-ds-instalacji-sanitarnych-lodz,oferta,1004570733?s=1f7c2c91&searchId=MTc2ODgzMjgxODk3MC4yOTEz","Przejdź do treści ogłoszenia Przejdź do panelu aplikowania Przejdź do panelu bocznego Przejdź do stopki Oferty pracy Pобота Profile pracodawców Porady i narzędzia Moje konto DLA FIRM Dodaj ogłoszenie Koordynator ds. instalacji sanitarnych Harden Construction Poland spółka z ograniczoną odpowiedzialnościąO firmie ważna jeszcze 20 dni (do 08 lut) Łódź(łódzkie) umowa o pracę, kontrakt b2b pełny etat kierownik / koordynator praca stacjonarna Asystent Pracuj.pl Podsumowanie oferty Wypróbuj nową funkc"
"https://www.pracuj.pl/praca/sales-specialist-specjalista-ds-sprzedazy-czerwonak-pow-poznanski-gdynska-83,oferta,1004582121?s=1f7c2c91&searchId=MTc2ODgzMjgxODc5Ny43MTU4","Przejdź do treści ogłoszenia Przejdź do panelu aplikowania Przejdź do panelu bocznego Przejdź do stopki Oferty pracy Pобота Profile pracodawców Porady i narzędzia Moje konto DLA FIRM Dodaj ogłoszenie Sales Specialist / Specjalista ds. Sprzedaży Power Engineering Transformatory Sp. z o.o.O firmie ważna jeszcze 25 dni (do 13 lut) Gdyńska 83, Czerwonak (pow. poznański)(wielkopolskie) umowa o pracę pełny etat specjalista (mid / regular) praca stacjonarna Asystent Pracuj.pl Podsumowanie oferty Wyprób"
"https://www.pracuj.pl/praca/kierownik-dzialu-obslugi-technicznej-i-porzadkowej-obiektow-scsir-k-m-swarzedz-kosynierow-1,oferta,1004592318?s=1f7c2c91&searchId=MTc2ODgzMjgxODk3MC4yOTEz","Przejdź do treści ogłoszenia Przejdź do panelu aplikowania Przejdź do panelu bocznego Przejdź do stopki Oferty pracy Pобота Profile pracodawców Porady i narzędzia Moje konto DLA FIRM Dodaj ogłoszenie Nowość Kierownik Działu obsługi technicznej i porządkowej obiektów SCSiR (k/m) Swarzędzkie Centrum Sportu i RekreacjiO firmie ważna jeszcze miesiąc (do 18 lut) Kosynierów 1, Swarzędz(wielkopolskie) umowa o pracę pełny etat kierownik / koordynator praca stacjonarna praca od zaraz Asystent Pracuj.pl P"
"https://www.pracuj.pl/praca/dyrektor-dyrektorka-prywatnego-liceum-szczecin,oferta,1004592416?s=1f7c2c91&searchId=MTc2ODgzMjgxODc5Ny43MTU4","Przejdź do treści ogłoszenia Przejdź do panelu aplikowania Przejdź do panelu bocznego Przejdź do stopki Oferty pracy Pобота Profile pracodawców Porady i narzędzia Moje konto DLA FIRM Dodaj ogłoszenie Nowość Dyrektor / Dyrektorka Prywatnego Liceum TEB Edukacja sp. z o.o.O firmie ważna jeszcze miesiąc (do 18 lut) Szczecin(zachodniopomorskie) umowa o pracę pełny etat dyrektor praca stacjonarna praca od zaraz Asystent Pracuj.pl Podsumowanie oferty Wypróbuj nową funkcję - pomoże Ci ocenić, czy ta ofe"
"https://www.pracuj.pl/aplikuj/inzynier-inzynierka-budowy-rzeszow,oferta,1004582169?apid=629acc53-ef43-473a-994b-ea45a4a51fe7&oca=CouldNotUse&acv=0","Inżynier / Inżynierka budowy TEXOM sp. z o.o., Rzeszów Żeby aplikować na to ogłoszenie, podaj adres e-mail Adres e-mail Dalej Kontynuuj z Google Kontynuuj z Facebook Kontynuuj z Apple Jesteś pracodawcą? Zobacz ofertę dla firm"
https://www.pracuj.pl/praca/lublin;wp,"Przejdź do wyszukiwarki Przejdź do ofert Przejdź do filtrów Przejdź do stopki Oferty pracy Pобота Profile pracodawców Porady i narzędzia Moje konto DLA FIRM Dodaj ogłoszenie Hej! Jakiej pracy szukasz? Stanowisko, firma, słowo kluczowe Kategoria Lokalizacja Odległość Szukaj 3040 Historia wyszukiwania Przejdź do wyszukiwarki Przejdź do ofert Przejdź do filtrów Przejdź do stopki Praca: Lublin - 3040 ofert pracy Zapisz wyszukiwanie Sortuj: Dla Ciebie z33 Pokaż dopasowane oferty pracy zdalnej(+2092) "
"https://www.pracuj.pl/praca/praca%20fizyczna;cc,5022/utrzymanie%20czysto%c5%9bci;cc,5022015","Przejdź do wyszukiwarki Przejdź do ofert Przejdź do filtrów Przejdź do stopki Oferty pracy Pобота Profile pracodawców Porady i narzędzia Moje konto DLA FIRM Dodaj ogłoszenie Hej! Jakiej pracy szukasz? Stanowisko, firma, słowo kluczowe Kategoria Lokalizacja Odległość Szukaj 246 Historia wyszukiwania Przejdź do wyszukiwarki Przejdź do ofert Przejdź do filtrów Przejdź do stopki Praca: Utrzymanie czystości - 246 ofert pracy Zapisz wyszukiwanie Sortuj: Dla Ciebie z5 Osoba do sprzątania technicznego -"
https://www.pracuj.pl/praca/rzeszow;wp,"Przejdź do wyszukiwarki Przejdź do ofert Przejdź do filtrów Przejdź do stopki Oferty pracy Pобота Profile pracodawców Porady i narzędzia Moje konto DLA FIRM Dodaj ogłoszenie Hej! Jakiej pracy szukasz? Stanowisko, firma, słowo kluczowe Kategoria Lokalizacja Odległość Szukaj 2928 Historia wyszukiwania Przejdź do wyszukiwarki Przejdź do ofert Przejdź do filtrów Przejdź do stopki Praca: Rzeszów - 2928 ofert pracy Zapisz wyszukiwanie Sortuj: Dla Ciebie z31 Pokaż dopasowane oferty pracy zdalnej(+2097)"
"https://www.pracuj.pl/praca/opiekun-opiekunka-osoby-starszej-z-zamieszkaniem-u-podopiecznego-opole,oferta,1004549916?sug=oferta_bottom_jit_1",Przejdź do treści ogłoszenia Przejdź do panelu aplikowania Przejdź do panelu bocznego Przejdź do stopki Oferty pracy Pобота Profile pracodawców Porady i narzędzia Moje konto DLA FIRM Dodaj ogłoszenie Opiekun/Opiekunka osoby starszej - z zamieszkaniem u Podopiecznego Synergie Poland Sp. z o.o.O firmie ważna jeszcze 3 dni (do 22 sty) 4 300 – 5 300 zł brutto / mies. | umowa zlecenie Opole(opolskie) umowa zlecenie pracownik fizyczny praca stacjonarna praca od zaraz szukamy wielu kandydatów pracodawc
"https://www.pracuj.pl/praca/inzynier-inzynierka-budowy-rzeszow,oferta,1004575793?sug=oferta_bottom_bd_1","Przejdź do treści ogłoszenia Przejdź do panelu aplikowania Przejdź do panelu bocznego Przejdź do stopki Oferty pracy Pобота Profile pracodawców Porady i narzędzia Moje konto DLA FIRM Dodaj ogłoszenie Inżynier / Inżynierka budowy MODERN ONE sp. z o.o.O firmie ważna jeszcze 23 dni (do 11 lut) Rzeszów(podkarpackie) umowa o pracę, kontrakt b2b pełny etat specjalista (mid / regular) praca stacjonarna Asystent Pracuj.pl Podsumowanie oferty Wypróbuj nową funkcję - pomoże Ci ocenić, czy ta oferta może b"
"https://www.pracuj.pl/praca/opiekun-opiekunka-osob-starszych-chelm,oferta,1004587629?sug=oferta_bottom_jit_2","Przejdź do treści ogłoszenia Przejdź do panelu aplikowania Przejdź do panelu bocznego Przejdź do stopki Oferty pracy Pобота Profile pracodawców Porady i narzędzia Moje konto DLA FIRM Dodaj ogłoszenie Opiekun / Opiekunka osób starszych POLSKI CZERWONY KRZYŻ Oddział Rejonowy w ChełmieO firmie ważna jeszcze miesiąc (do 15 lut) 31,40 zł brutto / godz. | umowa zlecenie Chełm(lubelskie) umowa zlecenie pełny etat, część etatu, dodatkowa / tymczasowa pracownik fizyczny praca mobilna(Chełm) praca od zara"
"https://www.pracuj.pl/praca/finance-business-partner-k-m-inni-warszawa,oferta,1004592319?s=1f7c2c91&searchId=MTc2ODgzMjgxODk3MC4yOTEz","Przejdź do treści ogłoszenia Przejdź do panelu aplikowania Przejdź do panelu bocznego Przejdź do stopki Oferty pracy Pобота Profile pracodawców Porady i narzędzia Moje konto DLA FIRM Dodaj ogłoszenie Nowość Finance Business Partner (K/M/inni) HRK S.A.O firmie ważna jeszcze miesiąc (do 18 lut) Warszawa(mazowieckie) umowa o pracę pełny etat dyrektor praca hybrydowa Asystent Pracuj.pl Podsumowanie oferty Wypróbuj nową funkcję - pomoże Ci ocenić, czy ta oferta może być dla Ciebie. Pokaż podsumowanie"
"https://www.pracuj.pl/praca/junior-trade-support-specialist-poznan-grunwaldzka-182,oferta,1004582148?s=1f7c2c91&searchId=MTc2ODgzMjgxODgxMS44NjA2","Przejdź do treści ogłoszenia Przejdź do panelu aplikowania Przejdź do panelu bocznego Przejdź do stopki Oferty pracy Pобота Profile pracodawców Porady i narzędzia Moje konto DLA FIRM Dodaj ogłoszenie Junior Trade Support Specialist ERLI S.A.O firmie ważna jeszcze 25 dni (do 13 lut) 6 000 – 8 000 zł brutto / mies. | umowa o pracę Grunwaldzka 182, Grunwald, Poznań(wielkopolskie) umowa o pracę pełny etat młodszy specjalista (junior) praca hybrydowa Asystent Pracuj.pl Podsumowanie oferty Wypróbuj no"
"https://www.pracuj.pl/aplikuj/opiekun-opiekunka-osoby-starszej-z-zamieszkaniem-u-podopiecznego-lublin,oferta,1004592468?apid=5801c9fe-8843-4c71-9ff3-163ae34001a0&oca=CouldNotUse&acv=0","Opiekun/Opiekunka osoby starszej - z zamieszkaniem u Podopiecznego Synergie Poland Sp. z o.o., Lublin Żeby aplikować na to ogłoszenie, podaj adres e-mail Adres e-mail Dalej Kontynuuj z Google Kontynuuj z Facebook Kontynuuj z Apple Jesteś pracodawcą? Zobacz ofertę dla firm"
"https://www.pracuj.pl/aplikuj/inzynier-inzynierka-budowy-rzeszow,oferta,1004582169?apid=585a244b-229e-4d73-b759-10c41bdc98ec&oca=CouldNotUse&acv=0","Inżynier / Inżynierka budowy TEXOM sp. z o.o., Rzeszów Żeby aplikować na to ogłoszenie, podaj adres e-mail Adres e-mail Dalej Kontynuuj z Google Kontynuuj z Facebook Kontynuuj z Apple Jesteś pracodawcą? Zobacz ofertę dla firm"
"https://www.pracuj.pl/aplikuj/inzynier-inzynierka-budowy-rzeszow,oferta,1004582169?apid=9933e350-289e-49df-93bb-2446847b39c8&oca=CouldNotUse&acv=0","Inżynier / Inżynierka budowy TEXOM sp. z o.o., Rzeszów Żeby aplikować na to ogłoszenie, podaj adres e-mail Adres e-mail Dalej Kontynuuj z Google Kontynuuj z Facebook Kontynuuj z Apple Jesteś pracodawcą? Zobacz ofertę dla firm"
"https://www.pracuj.pl/aplikuj/opiekun-opiekunka-osoby-starszej-z-zamieszkaniem-u-podopiecznego-lublin,oferta,1004592468?apid=b736e913-06dc-4319-bdd5-6ca00bd68c8a&oca=CouldNotUse&acv=0","Opiekun/Opiekunka osoby starszej - z zamieszkaniem u Podopiecznego Synergie Poland Sp. z o.o., Lublin Żeby aplikować na to ogłoszenie, podaj adres e-mail Adres e-mail Dalej Kontynuuj z Google Kontynuuj z Facebook Kontynuuj z Apple Jesteś pracodawcą? Zobacz ofertę dla firm"
"https://www.pracuj.pl/praca/inzynier-specjalista-ds-ofertowania-k-m-rzeszow,oferta,1004576961?sug=oferta_bottom_bd_3","Przejdź do treści ogłoszenia Przejdź do panelu aplikowania Przejdź do panelu bocznego Przejdź do stopki Oferty pracy Pобота Profile pracodawców Porady i narzędzia Moje konto DLA FIRM Dodaj ogłoszenie Inżynier / Specjalista ds. Ofertowania K/M WARBUD SAO firmie ważna jeszcze 24 dni (do 12 lut) Rzeszów(podkarpackie) umowa o pracę pełny etat specjalista (mid / regular) praca stacjonarna Asystent Pracuj.pl Podsumowanie oferty Wypróbuj nową funkcję - pomoże Ci ocenić, czy ta oferta może być dla Ciebi"
"https://www.pracuj.pl/praca/opiekun-opiekunka-osob-starszych-debogora-pow-poznanski-wiazowa-7,oferta,1004557951?sug=oferta_bottom_jit_4","Przejdź do treści ogłoszenia Przejdź do panelu aplikowania Przejdź do panelu bocznego Przejdź do stopki Oferty pracy Pобота Profile pracodawców Porady i narzędzia Moje konto DLA FIRM Dodaj ogłoszenie Opiekun / Opiekunka osób starszych DOM SENIORA DĘBOWE WZGÓRZE sp. z o.o.O firmie ważna jeszcze 13 dni (do 01 lut) 5 000 – 5 600 zł brutto / mies. | umowa o pracę Wiązowa 7, Dębogóra (pow. poznański)(wielkopolskie) umowa o pracę pełny etat pracownik fizyczny praca stacjonarna praca od zaraz szukamy w"
"https://www.pracuj.pl/praca/opiekun-opiekunka-osob-starszych-niemcy,oferta,11766640?sug=oferta_bottom_jit_6","Przejdź do treści ogłoszenia Przejdź do panelu aplikowania Przejdź do panelu bocznego Przejdź do stopki Oferty pracy Pобота Profile pracodawców Porady i narzędzia Moje konto DLA FIRM Dodaj ogłoszenie Opiekun / Opiekunka osób starszych MagellanO firmie ważna jeszcze 19 dni (do 07 lut) Niemcy(zagranica) umowa o pracę pełny etat pracownik fizyczny praca stacjonarna Asystent Pracuj.pl Podsumowanie oferty Wypróbuj nową funkcję - pomoże Ci ocenić, czy ta oferta może być dla Ciebie. Pokaż podsumowanie "
"https://www.pracuj.pl/praca/kosztorysant-kosztorysantka-branza-budowlana-rzeszow,oferta,1004550776?sug=oferta_bottom_bd_5","Przejdź do treści ogłoszenia Przejdź do panelu aplikowania Przejdź do panelu bocznego Przejdź do stopki Oferty pracy Pобота Profile pracodawców Porady i narzędzia Moje konto DLA FIRM Dodaj ogłoszenie Kosztorysant / Kosztorysantka (branża budowlana) JNS sp. z o.o.O firmie ważna jeszcze 5 dni (do 24 sty) Rzeszów(podkarpackie) umowa o pracę pełny etat specjalista (mid / regular) praca stacjonarna praca od zaraz Asystent Pracuj.pl Podsumowanie oferty Wypróbuj nową funkcję - pomoże Ci ocenić, czy ta "
"https://www.pracuj.pl/praca/inzynier-kierownik-budowy-k-m-rzeszow,oferta,1004586161?sug=oferta_bottom_bd_7","Przejdź do treści ogłoszenia Przejdź do panelu aplikowania Przejdź do panelu bocznego Przejdź do stopki Oferty pracy Pобота Profile pracodawców Porady i narzędzia Moje konto DLA FIRM Dodaj ogłoszenie Inżynier - Kierownik Budowy K/M DEV POLO firmie ważna jeszcze miesiąc (do 15 lut) Rzeszów(podkarpackie) umowa o pracę pełny etat specjalista (mid / regular) praca mobilna(praca na terenie całego kraju) praca od zaraz Asystent Pracuj.pl Podsumowanie oferty Wypróbuj nową funkcję - pomoże Ci ocenić, cz"
"https://www.pracuj.pl/praca/opiekun-opiekunka-osob-starszych-piaseczno-waclawa-kauna-31,oferta,1004568734?sug=oferta_bottom_jit_8","Przejdź do treści ogłoszenia Przejdź do panelu aplikowania Przejdź do panelu bocznego Przejdź do stopki Oferty pracy Pобота Profile pracodawców Porady i narzędzia Moje konto DLA FIRM Dodaj ogłoszenie Opiekun / Opiekunka osób starszych NZOZ PNDK ASKLEPIOS AS DOM OPIEKI NESTORIA sp. z o.o.O firmie ważna jeszcze 20 dni (do 08 lut) 35,00 – 38,00 zł brutto / godz. | umowa zlecenie Wacława Kauna 31, Piaseczno(mazowieckie) umowa zlecenie pracownik fizyczny praca stacjonarna praca od zaraz Asystent Prac"
"https://www.pracuj.pl/praca/budownictwo;cc,5005","Przejdź do wyszukiwarki Przejdź do ofert Przejdź do filtrów Przejdź do stopki Oferty pracy Pобота Profile pracodawców Porady i narzędzia Moje konto DLA FIRM Dodaj ogłoszenie Hej! Jakiej pracy szukasz? Stanowisko, firma, słowo kluczowe Kategoria Lokalizacja Odległość Szukaj 2702 Historia wyszukiwania Przejdź do wyszukiwarki Przejdź do ofert Przejdź do filtrów Przejdź do stopki Praca: Budownictwo - 2702 oferty pracy Zapisz wyszukiwanie Sortuj: Dla Ciebie z41 Operator / Operatorka walca (K/M) BERGE"
"https://www.pracuj.pl/praca/praca%20fizyczna;cc,5022","Przejdź do wyszukiwarki Przejdź do ofert Przejdź do filtrów Przejdź do stopki Oferty pracy Pобота Profile pracodawców Porady i narzędzia Moje konto DLA FIRM Dodaj ogłoszenie Hej! Jakiej pracy szukasz? Stanowisko, firma, słowo kluczowe Kategoria Lokalizacja Odległość Szukaj 8276 Historia wyszukiwania Przejdź do wyszukiwarki Przejdź do ofert Przejdź do filtrów Przejdź do stopki Praca fizyczna - 8276 ofert pracy Zapisz wyszukiwanie Sortuj: Dla Ciebie z150 Automatyk - Programista PLC (k/m/n) TEGET s"
"https://www.pracuj.pl/praca/kosztorysant-inzynier-budowy-lutoryz-pow-rzeszowski,oferta,1004557041?sug=oferta_bottom_bd_2",Przejdź do treści ogłoszenia Przejdź do panelu aplikowania Przejdź do panelu bocznego Przejdź do stopki Oferty pracy Pобота Profile pracodawców Porady i narzędzia Moje konto DLA FIRM Dodaj ogłoszenie Kosztorysant - Inżynier budowy MS BUD MACIEJ TADLAO firmie ważna jeszcze 13 dni (do 01 lut) 7 000 – 10 000 zł brutto / mies. | umowa o pracę Lutoryż (pow. rzeszowski)(podkarpackie) umowa o pracę pełny etat specjalista (mid / regular) praca hybrydowa praca od zaraz Asystent Pracuj.pl Podsumowanie ofe
"https://www.pracuj.pl/praca/kierownik-kierowniczka-inzynier-budowy-kolbuszowa-brzozowa-4,oferta,1004559039?sug=oferta_bottom_bd_4","Przejdź do treści ogłoszenia Przejdź do panelu aplikowania Przejdź do panelu bocznego Przejdź do stopki Oferty pracy Pобота Profile pracodawców Porady i narzędzia Moje konto DLA FIRM Dodaj ogłoszenie Kierownik / Kierowniczka - Inżynier budowy SOLID MODULAR sp. z o.o.O firmie ważna jeszcze 16 dni (do 04 lut) Brzozowa 4, Kolbuszowa(podkarpackie) umowa o pracę pełny etat kierownik / koordynator praca stacjonarna praca od zaraz Asystent Pracuj.pl Podsumowanie oferty Wypróbuj nową funkcję - pomoże Ci"
"https://www.pracuj.pl/praca/opiekun-opiekunka-osoby-starszej-z-zamieszkaniem-u-podopiecznego-doruchow-pow-ostrzeszowski,oferta,1004583738?sug=oferta_bottom_jit_7",Przejdź do treści ogłoszenia Przejdź do panelu aplikowania Przejdź do panelu bocznego Przejdź do stopki Oferty pracy Pобота Profile pracodawców Porady i narzędzia Moje konto DLA FIRM Dodaj ogłoszenie Opiekun/Opiekunka osoby starszej - z zamieszkaniem u Podopiecznego Synergie Poland Sp. z o.o.O firmie ważna jeszcze miesiąc (do 14 lut) 4 300 – 5 300 zł brutto / mies. | umowa zlecenie Doruchów (pow. ostrzeszowski)(wielkopolskie) umowa zlecenie pracownik fizyczny praca stacjonarna praca od zaraz szu
"https://www.pracuj.pl/praca/administracja%20biurowa;cc,5001","Przejdź do wyszukiwarki Przejdź do ofert Przejdź do filtrów Przejdź do stopki Oferty pracy Pобота Profile pracodawców Porady i narzędzia Moje konto DLA FIRM Dodaj ogłoszenie Hej! Jakiej pracy szukasz? Stanowisko, firma, słowo kluczowe Kategoria Lokalizacja Odległość Szukaj 2592 Historia wyszukiwania Przejdź do wyszukiwarki Przejdź do ofert Przejdź do filtrów Przejdź do stopki Praca: Administracja biurowa - 2592 oferty pracy Zapisz wyszukiwanie Sortuj: Dla Ciebie z48 Fakturzystka / Kierownik biur"
"https://www.pracuj.pl/praca/inzynier-budowy-rzeszow,oferta,1004585688?sug=oferta_bottom_bd_9","Przejdź do treści ogłoszenia Przejdź do panelu aplikowania Przejdź do panelu bocznego Przejdź do stopki Oferty pracy Pобота Profile pracodawców Porady i narzędzia Moje konto DLA FIRM Dodaj ogłoszenie Inżynier budowy NH INVEST sp. z o.o.O firmie ważna jeszcze miesiąc (do 14 lut) 6 000 – 7 000 zł brutto / mies. | umowa o pracę Rzeszów(podkarpackie) umowa o pracę pełny etat specjalista (mid / regular) praca stacjonarna Asystent Pracuj.pl Podsumowanie oferty Wypróbuj nową funkcję - pomoże Ci ocenić,"
"https://www.pracuj.pl/praca/pracownik-biurowy-w-sekretariacie-z-mozliwoscia-awansu-na-sekretarza-szkoly-k-m-warszawa-chelmska-23,oferta,1004587467?sug=oferta_bottom_bd_1","Przejdź do treści ogłoszenia Przejdź do panelu aplikowania Przejdź do panelu bocznego Przejdź do stopki Oferty pracy Pобота Profile pracodawców Porady i narzędzia Moje konto DLA FIRM Dodaj ogłoszenie Pracownik biurowy w sekretariacie z możliwością awansu na Sekretarza Szkoły (K/M) CLXIV LICEUM OGÓLNOKSZTAŁCĄCE MISTRZOSTWA SPORTOWEGOO firmie ważna jeszcze miesiąc (do 15 lut) 6 000 – 7 500 zł brutto / mies. | umowa o pracę Chełmska 23, Mokotów, Warszawa(mazowieckie) umowa o pracę pełny etat specja"
"https://www.pracuj.pl/praca/opiekun-opiekunka-osob-starszych-w-domu-pacjenta-lub-w-domu-opieki-irlandia,oferta,11758289?sug=oferta_bottom_jit_11",Przejdź do treści ogłoszenia Przejdź do panelu aplikowania Przejdź do panelu bocznego Przejdź do stopki Oferty pracy Pобота Profile pracodawców Porady i narzędzia Moje konto DLA FIRM Dodaj ogłoszenie Opiekun / Opiekunka osób starszych w domu pacjenta lub w domu opieki Work Now AgencyO firmie ważna jeszcze 12 dni (do 31 sty) 8 500 – 11 000 zł brutto / mies. | umowa o pracę Irlandia(zagranica) umowa o pracę pełny etat pracownik fizyczny praca stacjonarna praca od zaraz szukamy wielu kandydatów(30 
"https://www.pracuj.pl/praca/opiekun-opiekunka-osoby-starszej-z-zamieszkaniem-u-podopiecznego-nowy-sacz,oferta,1004587406?sug=oferta_bottom_jit_12",Przejdź do treści ogłoszenia Przejdź do panelu aplikowania Przejdź do panelu bocznego Przejdź do stopki Oferty pracy Pобота Profile pracodawców Porady i narzędzia Moje konto DLA FIRM Dodaj ogłoszenie Opiekun/Opiekunka osoby starszej - z zamieszkaniem u Podopiecznego Synergie Poland Sp. z o.o.O firmie ważna jeszcze miesiąc (do 15 lut) 4 300 – 5 300 zł brutto / mies. | umowa zlecenie Nowy Sącz(małopolskie) umowa zlecenie pracownik fizyczny praca stacjonarna praca od zaraz szukamy wielu kandydatów 
"https://www.pracuj.pl/praca/asystent-biura-asystentka-biura-warszawa-aleja-komisji-edukacji-narodowej-57,oferta,1004555215?sug=oferta_bottom_bd_3_boosterAI_L2","Przejdź do treści ogłoszenia Przejdź do panelu aplikowania Przejdź do panelu bocznego Przejdź do stopki Oferty pracy Pобота Profile pracodawców Porady i narzędzia Moje konto DLA FIRM Dodaj ogłoszenie Asystent Biura / Asystentka Biura Ronson Development Management Sp. z o.o.O firmie ważna jeszcze 10 dni (do 29 sty) 6 000 – 7 300 zł brutto / mies. | umowa o pracę Aleja Komisji Edukacji Narodowej 57, Ursynów, Warszawa(mazowieckie) umowa o pracę pełny etat asystent praca stacjonarna Asystent Pracuj."
"https://www.pracuj.pl/praca/budownictwo;cc,5005/architektura%20projektowanie;cc,5005001","Przejdź do wyszukiwarki Przejdź do ofert Przejdź do filtrów Przejdź do stopki Oferty pracy Pобота Profile pracodawców Porady i narzędzia Moje konto DLA FIRM Dodaj ogłoszenie Hej! Jakiej pracy szukasz? Stanowisko, firma, słowo kluczowe Kategoria Lokalizacja Odległość Szukaj 1322 Historia wyszukiwania Przejdź do wyszukiwarki Przejdź do ofert Przejdź do filtrów Przejdź do stopki Praca: Architektura / Projektowanie - 1322 oferty pracy Zapisz wyszukiwanie Sortuj: Dla Ciebie z20 Kierownik / Kierownicz"
"https://www.pracuj.pl/praca/opiekun-opiekunka-osoby-starszej-z-zamieszkaniem-u-podopiecznego-opole,oferta,1004565445?sug=oferta_bottom_jit_3",Przejdź do treści ogłoszenia Przejdź do panelu aplikowania Przejdź do panelu bocznego Przejdź do stopki Oferty pracy Pобота Profile pracodawców Porady i narzędzia Moje konto DLA FIRM Dodaj ogłoszenie Opiekun/Opiekunka osoby starszej - z zamieszkaniem u Podopiecznego Synergie Poland Sp. z o.o.O firmie ważna jeszcze 19 dni (do 07 lut) 4 300 – 5 300 zł brutto / mies. | umowa zlecenie Opole(opolskie) umowa zlecenie pracownik fizyczny praca stacjonarna praca od zaraz szukamy wielu kandydatów pracodaw
"https://www.pracuj.pl/praca/inzynier-budowy-inwestycje-drogowe-m-k-zolynia-pow-lancucki,oferta,1004577174?sug=oferta_bottom_bd_8","Przejdź do treści ogłoszenia Przejdź do panelu aplikowania Przejdź do panelu bocznego Przejdź do stopki Oferty pracy Pобота Profile pracodawców Porady i narzędzia Moje konto DLA FIRM Dodaj ogłoszenie Inżynier budowy - inwestycje drogowe (m/k) GRUPA PBIO firmie ważna jeszcze 24 dni (do 12 lut) Żołynia (pow. łańcucki)(podkarpackie) umowa o pracę pełny etat kierownik / koordynator praca stacjonarna praca od zaraz Asystent Pracuj.pl Podsumowanie oferty Wypróbuj nową funkcję - pomoże Ci ocenić, czy t"
"https://www.pracuj.pl/praca/opiekun-opiekunka-osob-starszych-bydgoszcz,oferta,1004553125?sug=oferta_bottom_jit_10","Przejdź do treści ogłoszenia Przejdź do panelu aplikowania Przejdź do panelu bocznego Przejdź do stopki Oferty pracy Pобота Profile pracodawców Porady i narzędzia Moje konto DLA FIRM Dodaj ogłoszenie Opiekun / Opiekunka osób starszych HALINA KICIŃSKAO firmie ważna jeszcze 9 dni (do 28 sty) 35,00 – 42,00 zł netto (+ VAT) / godz. | kontrakt B2B Bydgoszcz(kujawsko-pomorskie) kontrakt b2b pełny etat, część etatu, dodatkowa / tymczasowa pracownik fizyczny praca mobilna(Opieka osób starszych i z niepe"
"https://www.pracuj.pl/praca/asystent-asystentka-biura-warszawa-marynarska-15,oferta,1004546386?sug=oferta_bottom_bd_2","Przejdź do treści ogłoszenia Przejdź do panelu aplikowania Przejdź do panelu bocznego Przejdź do stopki Oferty pracy Pобота Profile pracodawców Porady i narzędzia Moje konto DLA FIRM Dodaj ogłoszenie Asystent / Asystentka biura KOCHAM GÓRY sp. z o.o.O firmie ważna jeszcze 2 dni (do 21 sty) 6 000 – 6 500 zł brutto / mies. | umowa o pracę Marynarska 15, Mokotów, Warszawa(mazowieckie) umowa o pracę pełny etat asystent praca stacjonarna praca od zaraz Asystent Pracuj.pl Podsumowanie oferty Wypróbuj "
"https://www.pracuj.pl/praca/kierownik-budowy-rzeszow,oferta,1004540247?sug=oferta_bottom_bd_11_boosterAI_L2","Przejdź do treści ogłoszenia Przejdź do panelu aplikowania Przejdź do panelu bocznego Przejdź do stopki Oferty pracy Pобота Profile pracodawców Porady i narzędzia Moje konto DLA FIRM Dodaj ogłoszenie Kierownik Budowy Rekrutacja 360 - Pracuj.plO firmie ważna jeszcze 12 dni (do 31 sty) Rzeszów(podkarpackie) umowa o pracę, kontrakt b2b pełny etat kierownik / koordynator, menedżer praca stacjonarna praca od zaraz Asystent Pracuj.pl Podsumowanie oferty Wypróbuj nową funkcję - pomoże Ci ocenić, czy ta"
"https://www.pracuj.pl/praca/opiekun-opiekunka-w-zlobku-chodziez-ofiar-gor-morzewskich-46,oferta,1004577726?sug=oferta_bottom_jit_14","Przejdź do treści ogłoszenia Przejdź do panelu aplikowania Przejdź do panelu bocznego Przejdź do stopki Oferty pracy Pобота Profile pracodawców Porady i narzędzia Moje konto DLA FIRM Dodaj ogłoszenie Opiekun / Opiekunka w żłobku Przedsiębiorstwo Usługowo-Handlowe Mariusz BłaszczykO firmie ważna jeszcze 24 dni (do 12 lut) Ofiar Gór Morzewskich 46, Chodzież(wielkopolskie) umowa o pracę pełny etat specjalista (mid / regular) praca stacjonarna Asystent Pracuj.pl Podsumowanie oferty Wypróbuj nową fun"
"https://www.pracuj.pl/praca/koordynator-koordynatorka-ds-zarzadzania-projektami-rzeszow-klementyny-hoffmanowej-19,oferta,1004565364?sug=oferta_bottom_bd_14","Przejdź do treści ogłoszenia Przejdź do panelu aplikowania Przejdź do panelu bocznego Przejdź do stopki Oferty pracy Pобота Profile pracodawców Porady i narzędzia Moje konto DLA FIRM Dodaj ogłoszenie Koordynator / Koordynatorka ds. zarządzania projektami SYNERTE sp. z o.o.O firmie ważna jeszcze 19 dni (do 07 lut) Klementyny Hoffmanowej 19, Rzeszów(podkarpackie) umowa o pracę pełny etat specjalista (mid / regular) praca stacjonarna Asystent Pracuj.pl Podsumowanie oferty Wypróbuj nową funkcję - po"
"https://www.pracuj.pl/praca/osoba-do-prac-administracyjno-biurowych-warszawa-skierniewicka-14,oferta,1004560630?sug=oferta_bottom_bd_6","Przejdź do treści ogłoszenia Przejdź do panelu aplikowania Przejdź do panelu bocznego Przejdź do stopki Oferty pracy Pобота Profile pracodawców Porady i narzędzia Moje konto DLA FIRM Dodaj ogłoszenie Osoba do prac administracyjno-biurowych MEBLE MILO sp. z o.o.O firmie ważna jeszcze 16 dni (do 04 lut) 5 500 – 7 000 zł brutto / mies. | umowa o pracę Skierniewicka 14, Wola, Warszawa(mazowieckie) umowa o pracę pełny etat specjalista (mid / regular) praca stacjonarna Asystent Pracuj.pl Podsumowanie "
"https://www.pracuj.pl/praca/opiekun-opiekunka-osob-starszych-koclin-pow-myszkowski-wrzosowa-19,oferta,1004558865?sug=oferta_bottom_jit_16","Przejdź do treści ogłoszenia Przejdź do panelu aplikowania Przejdź do panelu bocznego Przejdź do stopki Oferty pracy Pобота Profile pracodawców Porady i narzędzia Moje konto DLA FIRM Dodaj ogłoszenie Opiekun / Opiekunka osób starszych Dom Dziennego Pobytu ""Seniorek"" KATARZYNA STRÓŻ-EJCHORSTO firmie ważna jeszcze 16 dni (do 04 lut) Wrzosowa 19, Koclin (pow. myszkowski)(śląskie) umowa o pracę pełny etat pracownik fizyczny praca stacjonarna praca od zaraz Asystent Pracuj.pl Podsumowanie oferty Wypr"
"https://www.pracuj.pl/praca/specjalista-specjalistka-ds-administracji-warszawa-daniszewska-14,oferta,1004570948?sug=oferta_bottom_bd_7","Przejdź do treści ogłoszenia Przejdź do panelu aplikowania Przejdź do panelu bocznego Przejdź do stopki Oferty pracy Pобота Profile pracodawców Porady i narzędzia Moje konto DLA FIRM Dodaj ogłoszenie Specjalista/Specjalistka ds. administracji Victoria Dom S.A.O firmie ważna jeszcze 20 dni (do 08 lut) Daniszewska 14, Białołęka, Warszawa(mazowieckie) umowa o pracę pełny etat specjalista (mid / regular) praca stacjonarna praca od zaraz Asystent Pracuj.pl Podsumowanie oferty Wypróbuj nową funkcję - "
"https://www.pracuj.pl/praca/opiekun-opiekunka-osob-starszych-piaseczno,oferta,1004582661?sug=oferta_bottom_jit_5","Przejdź do treści ogłoszenia Przejdź do panelu aplikowania Przejdź do panelu bocznego Przejdź do stopki Oferty pracy Pобота Profile pracodawców Porady i narzędzia Moje konto DLA FIRM Dodaj ogłoszenie Opiekun / Opiekunka osób starszych PRM STOWARZYSZENIEO firmie ważna jeszcze 25 dni (do 13 lut) 30,70 zł brutto / godz. | umowa zlecenie 30,70 zł brutto / godz. | umowa o staż / praktyki Piaseczno(mazowieckie) umowa zlecenie, umowa o staż / praktyki pełny etat, część etatu, dodatkowa / tymczasowa pra"
"https://www.pracuj.pl/praca/inzynier-budowy-k-m-rzeszow,oferta,1004568740?sug=oferta_bottom_bd_6",Przejdź do treści ogłoszenia Przejdź do panelu aplikowania Przejdź do panelu bocznego Przejdź do stopki Oferty pracy Pобота Profile pracodawców Porady i narzędzia Moje konto DLA FIRM Dodaj ogłoszenie Inżynier Budowy (k/m) Electrum Sp. z o.o.O firmie ważna jeszcze 20 dni (do 08 lut) Rzeszów(podkarpackie) umowa o pracę pełny etat specjalista (mid / regular) praca mobilna(praca w delegacji do miejsc realizacji kontraktów) praca od zaraz szukamy wielu kandydatów rekrutacja zdalna Asystent Pracuj.pl 
"https://www.pracuj.pl/praca/przedstawiciel-handlowy-inzynier-budowy-rzeszow,oferta,1004552219?sug=oferta_bottom_bd_10","Przejdź do treści ogłoszenia Przejdź do panelu aplikowania Przejdź do panelu bocznego Przejdź do stopki Oferty pracy Pобота Profile pracodawców Porady i narzędzia Moje konto DLA FIRM Dodaj ogłoszenie Przedstawiciel handlowy / inżynier budowy JNS sp. z o.o.O firmie ważna jeszcze 9 dni (do 28 sty) Rzeszów(podkarpackie) umowa o pracę pełny etat specjalista (mid / regular) praca stacjonarna praca od zaraz Asystent Pracuj.pl Podsumowanie oferty Wypróbuj nową funkcję - pomoże Ci ocenić, czy ta oferta "
"https://www.pracuj.pl/praca/administracja%20biurowa;cc,5001/wprowadzanie%20przetwarzanie%20danych;cc,5001004","Przejdź do wyszukiwarki Przejdź do ofert Przejdź do filtrów Przejdź do stopki Oferty pracy Pобота Profile pracodawców Porady i narzędzia Moje konto DLA FIRM Dodaj ogłoszenie Hej! Jakiej pracy szukasz? Stanowisko, firma, słowo kluczowe Kategoria Lokalizacja Odległość Szukaj 749 Historia wyszukiwania Przejdź do wyszukiwarki Przejdź do ofert Przejdź do filtrów Przejdź do stopki Praca: Wprowadzanie / Przetwarzanie danych - 749 ofert pracy Zapisz wyszukiwanie Sortuj: Dla Ciebie z14 Fakturzystka / Kie"
"https://www.pracuj.pl/praca/pracownik-biurowy-k-m-warszawa-radarowa-62a,oferta,1004560455?sug=oferta_bottom_bd_5","Przejdź do treści ogłoszenia Przejdź do panelu aplikowania Przejdź do panelu bocznego Przejdź do stopki Oferty pracy Pобота Profile pracodawców Porady i narzędzia Moje konto DLA FIRM Dodaj ogłoszenie Pracownik biurowy (k/m) Biker Sp. z o.o.O firmie ważna jeszcze 16 dni (do 04 lut) 6 000 – 8 000 zł brutto / mies. | umowa o pracę Radarowa 62A, Włochy, Warszawa(mazowieckie) umowa o pracę pełny etat specjalista (mid / regular) praca stacjonarna praca od zaraz Asystent Pracuj.pl Podsumowanie oferty W"
"https://www.pracuj.pl/praca/opiekunka-opiekun-osoby-starszej-w-irlandii-irlandia,oferta,11758474?sug=oferta_bottom_jit_15",Przejdź do treści ogłoszenia Przejdź do panelu aplikowania Przejdź do panelu bocznego Przejdź do stopki Oferty pracy Pобота Profile pracodawców Porady i narzędzia Moje konto DLA FIRM Dodaj ogłoszenie Opiekunka / Opiekun osoby starszej w Irlandii ALHomecareO firmie ważna jeszcze 12 dni (do 31 sty) 8 185 – 16 755 zł brutto / mies. | umowa o pracę Irlandia(zagranica) umowa o pracę pełny etat pracownik fizyczny praca stacjonarna rekrutacja zdalna Asystent Pracuj.pl Podsumowanie oferty Wypróbuj nową 
"https://www.pracuj.pl/praca/opiekun-opiekunka-osob-starszych-rumia,oferta,1004563313?sug=oferta_bottom_jit_18","Przejdź do treści ogłoszenia Przejdź do panelu aplikowania Przejdź do panelu bocznego Przejdź do stopki Oferty pracy Pобота Profile pracodawców Porady i narzędzia Moje konto DLA FIRM Dodaj ogłoszenie Opiekun / Opiekunka osób starszych ATOL GRZEGORZ KLEPCZYŃSKIO firmie ważna jeszcze 18 dni (do 06 lut) 32,00 – 40,00 zł brutto / godz. | umowa zlecenie Rumia(pomorskie) umowa zlecenie pracownik fizyczny praca stacjonarna Asystent Pracuj.pl Podsumowanie oferty Wypróbuj nową funkcję - pomoże Ci ocenić,"
"https://www.pracuj.pl/praca/inspektor-nadzoru-robot-elektrycznych-rzeszow-aleja-tadeusza-rejtana-16c,oferta,1004588819?sug=oferta_bottom_bd_17","Przejdź do treści ogłoszenia Przejdź do panelu aplikowania Przejdź do panelu bocznego Przejdź do stopki Oferty pracy Pобота Profile pracodawców Porady i narzędzia Moje konto DLA FIRM Dodaj ogłoszenie Inspektor nadzoru robót elektrycznych UNIWERSYTET RZESZOWSKIO firmie ważna jeszcze miesiąc (do 15 lut) 7 400 – 10 000 zł brutto / mies. | umowa o pracę aleja Tadeusza Rejtana 16C, Rzeszów(podkarpackie) umowa o pracę pełny etat specjalista (mid / regular) praca stacjonarna Asystent Pracuj.pl Podsumow"
"https://www.pracuj.pl/praca/specjalista-specjalistka-ds-administracyjnych-lux-med-onkologia-warszawa-szamocka-6,oferta,1004560739?sug=oferta_bottom_bd_10","Przejdź do treści ogłoszenia Przejdź do panelu aplikowania Przejdź do panelu bocznego Przejdź do stopki Oferty pracy Pобота Profile pracodawców Porady i narzędzia Moje konto DLA FIRM Dodaj ogłoszenie Specjalista/Specjalistka ds. Administracyjnych (LUX MED Onkologia) LUX MED Sp. z o.o.O firmie ważna jeszcze 16 dni (do 04 lut) Szamocka 6, Żoliborz, Warszawa(mazowieckie) umowa o pracę pełny etat specjalista (mid / regular) praca stacjonarna Asystent Pracuj.pl Podsumowanie oferty Wypróbuj nową funkc"
"https://www.pracuj.pl/praca/projektant-projektantka-geotechnika-rzeszow,oferta,1004573924?sug=oferta_bottom_bd_18",Przejdź do treści ogłoszenia Przejdź do panelu aplikowania Przejdź do panelu bocznego Przejdź do stopki Oferty pracy Pобота Profile pracodawców Porady i narzędzia Moje konto DLA FIRM Dodaj ogłoszenie Projektant / Projektantka - Geotechnika AARSLEFF Sp. z o.o.O firmie ważna jeszcze 23 dni (do 11 lut) 10 000 – 15 000 zł brutto / mies. | umowa o pracę Rzeszów(podkarpackie) umowa o pracę pełny etat specjalista (mid / regular) praca stacjonarna praca od zaraz Asystent Pracuj.pl Podsumowanie oferty Wy
"https://www.pracuj.pl/praca/asystent-asystentka-ds-biurowo-administracyjnych-warszawa,oferta,1004550485?sug=oferta_bottom_bd_11","Przejdź do treści ogłoszenia Przejdź do panelu aplikowania Przejdź do panelu bocznego Przejdź do stopki Oferty pracy Pобота Profile pracodawców Porady i narzędzia Moje konto DLA FIRM Dodaj ogłoszenie Asystent / Asystentka ds. biurowo-administracyjnych Solid Security Sp. z o.o.O firmie ważna jeszcze 4 dni (do 23 sty) Warszawa(mazowieckie) umowa o pracę, umowa zlecenie pełny etat asystent praca stacjonarna Asystent Pracuj.pl Podsumowanie oferty Wypróbuj nową funkcję - pomoże Ci ocenić, czy ta ofer"
"https://www.pracuj.pl/praca/kierownik-kierowniczka-dzialu-rozliczen-barwinek-pow-krosnienski,oferta,1004589340?sug=oferta_bottom_bd_20","Przejdź do treści ogłoszenia Przejdź do panelu aplikowania Przejdź do panelu bocznego Przejdź do stopki Oferty pracy Pобота Profile pracodawców Porady i narzędzia Moje konto DLA FIRM Dodaj ogłoszenie Nowość Kierownik / Kierowniczka Działu Rozliczeń POLAQUA Sp. z o.o.O firmie ważna jeszcze miesiąc (do 17 lut) Barwinek (pow. krośnieński)(podkarpackie) umowa o pracę pełny etat kierownik / koordynator praca stacjonarna Asystent Pracuj.pl Podsumowanie oferty Wypróbuj nową funkcję - pomoże Ci ocenić, "
"https://www.pracuj.pl/praca/opiekun-opiekunka-osoby-starszej-wroclaw,oferta,1004572561?sug=oferta_bottom_jit_9","Przejdź do treści ogłoszenia Przejdź do panelu aplikowania Przejdź do panelu bocznego Przejdź do stopki Oferty pracy Pобота Profile pracodawców Porady i narzędzia Moje konto DLA FIRM Dodaj ogłoszenie Opiekun / Opiekunka osoby starszej Klient Pracuj.plO firmie ważna jeszcze 23 dni (do 11 lut) Wrocław(dolnośląskie) umowa zlecenie, kontrakt b2b pełny etat specjalista (mid / regular) praca stacjonarna Asystent Pracuj.pl Podsumowanie oferty Wypróbuj nową funkcję - pomoże Ci ocenić, czy ta oferta może"
https://www.pracuj.pl/praca/warszawa;wp,"Przejdź do wyszukiwarki Przejdź do ofert Przejdź do filtrów Przejdź do stopki Oferty pracy Pобота Profile pracodawców Porady i narzędzia Moje konto DLA FIRM Dodaj ogłoszenie Hej! Jakiej pracy szukasz? Stanowisko, firma, słowo kluczowe Kategoria Lokalizacja Odległość Szukaj 12082 Historia wyszukiwania Przejdź do wyszukiwarki Przejdź do ofert Przejdź do filtrów Przejdź do stopki Praca: Warszawa - 12 082 oferty pracy Zapisz wyszukiwanie Sortuj: Dla Ciebie z208 Pokaż dopasowane oferty pracy zdalnej("
"https://www.pracuj.pl/praca/kierownik-kierowniczka-robot-rzeszow,oferta,1004571550?sug=oferta_bottom_bd_13","Przejdź do treści ogłoszenia Przejdź do panelu aplikowania Przejdź do panelu bocznego Przejdź do stopki Oferty pracy Pобота Profile pracodawców Porady i narzędzia Moje konto DLA FIRM Dodaj ogłoszenie Kierownik / Kierowniczka robót WOLF TECHNOPROJEKT Sp. z o.o. Sp. k.O firmie ważna jeszcze 20 dni (do 08 lut) Rzeszów(podkarpackie) umowa o pracę pełny etat kierownik / koordynator praca stacjonarna Asystent Pracuj.pl Podsumowanie oferty Wypróbuj nową funkcję - pomoże Ci ocenić, czy ta oferta może by"
"https://www.pracuj.pl/praca/starszy-asystent-asystentka-projektanta-konstrukcji-rzeszow-przemyslowa-1a,oferta,1004550027?sug=oferta_bottom_bd_15","Przejdź do treści ogłoszenia Przejdź do panelu aplikowania Przejdź do panelu bocznego Przejdź do stopki Oferty pracy Pобота Profile pracodawców Porady i narzędzia Moje konto DLA FIRM Dodaj ogłoszenie Starszy Asystent / Asystentka projektanta konstrukcji STATIK GROUP sp. z o.o.O firmie ważna jeszcze 3 dni (do 22 sty) 7 000 – 10 000 zł brutto / mies. | umowa o pracę 7 000 – 10 000 zł brutto / mies. | umowa zlecenie Przemysłowa 1A, Rzeszów(podkarpackie) umowa o pracę, umowa zlecenie, kontrakt b2b p"
"https://www.pracuj.pl/praca/asystent-asystentka-notariusza-warszawa-aleje-jerozolimskie-142b,oferta,1004547626?sug=oferta_bottom_bd_9","Przejdź do treści ogłoszenia Przejdź do panelu aplikowania Przejdź do panelu bocznego Przejdź do stopki Oferty pracy Pобота Profile pracodawców Porady i narzędzia Moje konto DLA FIRM Dodaj ogłoszenie Asystent / Asystentka notariusza Justyna Witkowska NOTARIUSZ WSPÓLNIK SPÓŁKI CYWILNEJ ""KANCELARIA NOTARIALNA Justyna WitkowskaO firmie ważna jeszcze 2 dni (do 21 sty) 5 000 – 9 500 zł brutto / mies. | umowa o pracę 5 000 – 9 500 zł brutto / mies. | umowa zlecenie Aleje Jerozolimskie 142B, Ochota, Wa"
"https://www.pracuj.pl/praca/mlodszy-specjalista-mlodsza-specjalistka-ds-realizacji-zamowien-warszawa-panska-96,oferta,1004554355?sug=oferta_bottom_bd_8_boosterAI_L0","Przejdź do treści ogłoszenia Przejdź do panelu aplikowania Przejdź do panelu bocznego Przejdź do stopki Oferty pracy Pобота Profile pracodawców Porady i narzędzia Moje konto DLA FIRM Dodaj ogłoszenie Młodszy specjalista / Młodsza specjalistka ds. realizacji zamówień MEGAGEN POLSKA SPÓŁKA Z OGRANICZONĄ ODPOWIEDZIALNOŚCIĄO firmie ważna jeszcze 10 dni (do 29 sty) 6 500 – 8 400 zł brutto / mies. | umowa o pracę Pańska 96, Wola, Warszawa(mazowieckie) umowa o pracę pełny etat młodszy specjalista (juni"
"https://www.pracuj.pl/praca/niania-pomoc-domowa-bialawoda-pow-nowosadecki,oferta,1004562968?sug=oferta_bottom_jit_19","Przejdź do treści ogłoszenia Przejdź do panelu aplikowania Przejdź do panelu bocznego Przejdź do stopki Oferty pracy Pобота Profile pracodawców Porady i narzędzia Moje konto DLA FIRM Dodaj ogłoszenie Niania - Pomoc domowa S&A SPÓŁKA Z OGRANICZONĄ ODPOWIEDZIALNOŚCIĄO firmie ważna jeszcze 18 dni (do 06 lut) 32,00 – 55,00 zł brutto / godz. | umowa zlecenie Białawoda (pow. nowosądecki)(małopolskie) umowa zlecenie dodatkowa / tymczasowa pracownik fizyczny praca stacjonarna praca od zaraz pracodawca n"
"https://www.pracuj.pl/praca/pracownik-biurowy-pracowniczka-biurowa-warszawa,oferta,1004546130?sug=oferta_bottom_bd_17","Przejdź do treści ogłoszenia Przejdź do panelu aplikowania Przejdź do panelu bocznego Przejdź do stopki Oferty pracy Pобота Profile pracodawców Porady i narzędzia Moje konto DLA FIRM Dodaj ogłoszenie Pracownik biurowy - Pracowniczka biurowa DECOR STUCCO Zenon SzczygiełO firmie ważna jeszcze dzień (do 20 sty) Warszawa(mazowieckie) umowa o pracę, umowa o dzieło, umowa zlecenie, kontrakt b2b pełny etat, część etatu specjalista (mid / regular) praca stacjonarna, praca hybrydowa Asystent Pracuj.pl Po"
"https://www.pracuj.pl/praca/kierownik-kierowniczka-budowy-sanok,oferta,1004585679?sug=oferta_bottom_bd_23","Przejdź do treści ogłoszenia Przejdź do panelu aplikowania Przejdź do panelu bocznego Przejdź do stopki Oferty pracy Pобота Profile pracodawców Porady i narzędzia Moje konto DLA FIRM Dodaj ogłoszenie Kierownik / Kierowniczka budowy NH INVEST sp. z o.o.O firmie ważna jeszcze miesiąc (do 14 lut) 10 000 – 11 000 zł brutto / mies. | umowa o pracę Sanok(podkarpackie) umowa o pracę, kontrakt b2b pełny etat kierownik / koordynator praca stacjonarna Asystent Pracuj.pl Podsumowanie oferty Wypróbuj nową f"
"https://www.pracuj.pl/praca/specjalista-specjalistka-ds-administracyjnych-dziekanat-warszawa-mazowiecka-6,oferta,1004569803?sug=oferta_bottom_bd_16","Przejdź do treści ogłoszenia Przejdź do panelu aplikowania Przejdź do panelu bocznego Przejdź do stopki Oferty pracy Pобота Profile pracodawców Porady i narzędzia Moje konto DLA FIRM Dodaj ogłoszenie Specjalista / Specjalistka ds. administracyjnych – Dziekanat GRUPA UM sp. z o.o.O firmie ważna jeszcze 20 dni (do 08 lut) 7 700 – 9 200 zł brutto / mies. | umowa o pracę 5 500 – 6 500 zł netto (+ VAT) / mies. | kontrakt B2B Mazowiecka 6, Śródmieście, Warszawa(mazowieckie) umowa o pracę, kontrakt b2b"
"https://www.pracuj.pl/praca/osoba-do-prac-administracyjno-biurowych-warszawa,oferta,1004578283?sug=oferta_bottom_bd_22","Przejdź do treści ogłoszenia Przejdź do panelu aplikowania Przejdź do panelu bocznego Przejdź do stopki Oferty pracy Pобота Profile pracodawców Porady i narzędzia Moje konto DLA FIRM Dodaj ogłoszenie Osoba do prac administracyjno-biurowych Fundacja Dzieciom ""Zdążyć z Pomocą""O firmie ważna jeszcze 24 dni (do 12 lut) 6 390 – 6 900 zł brutto / mies. | umowa o pracę Warszawa(mazowieckie) umowa o pracę pełny etat asystent praca stacjonarna Asystent Pracuj.pl Podsumowanie oferty Wypróbuj nową funkcję "
"https://www.pracuj.pl/praca/mlodszy-specjalista-mlodsza-specjalistka-ds-administracji-warszawa-marcina-kasprzaka-4,oferta,1004549060?sug=oferta_bottom_bd_21","Przejdź do treści ogłoszenia Przejdź do panelu aplikowania Przejdź do panelu bocznego Przejdź do stopki Oferty pracy Pобота Profile pracodawców Porady i narzędzia Moje konto DLA FIRM Dodaj ogłoszenie Młodszy Specjalista / Młodsza Specjalistka ds. Administracji Glass System Technologies S.AO firmie ważna jeszcze 3 dni (do 22 sty) Marcina Kasprzaka 4, Wola, Warszawa(mazowieckie) umowa o pracę pełny etat młodszy specjalista (junior) praca stacjonarna Asystent Pracuj.pl Podsumowanie oferty Wypróbuj "
"https://www.pracuj.pl/praca/specjalista-specjalistka-ds-administracji-recepcjonista-recepcjonistka-warszawa-postepu-14,oferta,1004528264?sug=oferta_bottom_bd_20_boosterAI_L2","Przejdź do treści ogłoszenia Przejdź do panelu aplikowania Przejdź do panelu bocznego Przejdź do stopki Oferty pracy Pобота Profile pracodawców Porady i narzędzia Moje konto DLA FIRM Dodaj ogłoszenie Specjalista / Specjalistka ds. Administracji - Recepcjonista / Recepcjonistka Samsung Electronics PolskaO firmie ważna jeszcze 4 dni (do 23 sty) Postępu 14, Mokotów, Warszawa(mazowieckie) umowa o pracę pełny etat specjalista (mid / regular) praca stacjonarna Asystent Pracuj.pl Podsumowanie oferty Wy"
"https://www.pracuj.pl/praca/opiekun-opiekunka-osob-starszych-kazmierz-pow-szamotulski,oferta,1004571895?sug=oferta_bottom_jit_17","Przejdź do treści ogłoszenia Przejdź do panelu aplikowania Przejdź do panelu bocznego Przejdź do stopki Oferty pracy Pобота Profile pracodawców Porady i narzędzia Moje konto DLA FIRM Dodaj ogłoszenie Opiekun / Opiekunka osób starszych Całodobowy Dom Opieki,,Przyjaciele Józefa,,O firmie ważna jeszcze 21 dni (do 09 lut) 4 808 – 5 080 zł brutto / mies. | umowa o pracę Kaźmierz (pow. szamotulski)(wielkopolskie) umowa o pracę pełny etat pracownik fizyczny praca stacjonarna Asystent Pracuj.pl Podsumow"
"https://www.pracuj.pl/praca/opiekun-opiekunka-osob-starszych-wiazowna-pow-otwocki,oferta,1004571996?sug=oferta_bottom_jit_20","Przejdź do treści ogłoszenia Przejdź do panelu aplikowania Przejdź do panelu bocznego Przejdź do stopki Oferty pracy Pобота Profile pracodawców Porady i narzędzia Moje konto DLA FIRM Dodaj ogłoszenie Opiekun / Opiekunka osób starszych SENIOR MED sp. z o.o. SKO firmie ważna jeszcze 22 dni (do 10 lut) Wiązowna (pow. otwocki)(mazowieckie) umowa o dzieło, umowa zlecenie, kontrakt b2b, umowa o staż / praktyki pełny etat, część etatu, dodatkowa / tymczasowa pracownik fizyczny praca stacjonarna Asysten"
"https://www.pracuj.pl/praca/specjalista-ds-administrowania-obiektami-i-inwestycji-glogow-malopolski-innowacyjna-10,oferta,1004575681?sug=oferta_bottom_bd_16","Przejdź do treści ogłoszenia Przejdź do panelu aplikowania Przejdź do panelu bocznego Przejdź do stopki Oferty pracy Pобота Profile pracodawców Porady i narzędzia Moje konto DLA FIRM Dodaj ogłoszenie Specjalista ds. administrowania obiektami i inwestycji Efekt-PlusO firmie ważna jeszcze 23 dni (do 11 lut) Innowacyjna 10, Głogów Małopolski(podkarpackie) umowa o pracę pełny etat specjalista (mid / regular) praca stacjonarna Asystent Pracuj.pl Podsumowanie oferty Wypróbuj nową funkcję - pomoże Ci o"
"https://www.pracuj.pl/praca/inzynier-budowy-k-m-branza-elektryczna-teletechniczna-stalowa-wola,oferta,1004556909?sug=oferta_bottom_bd_22","Przejdź do treści ogłoszenia Przejdź do panelu aplikowania Przejdź do panelu bocznego Przejdź do stopki Oferty pracy Pобота Profile pracodawców Porady i narzędzia Moje konto DLA FIRM Dodaj ogłoszenie Inżynier budowy (K/M) branża elektryczna/teletechniczna SPIE BTS SPÓŁKA Z OGRANICZONĄ ODPOWIEDZIALNOŚCIĄO firmie ważna jeszcze 13 dni (do 01 lut) Stalowa Wola(podkarpackie) umowa o pracę pełny etat specjalista (mid / regular) praca stacjonarna, praca hybrydowa praca od zaraz Asystent Pracuj.pl Podsu"
"https://www.pracuj.pl/praca/kierownik-kierowniczka-budowy-rzeszow,oferta,1004582205?sug=oferta_bottom_bd_21","Przejdź do treści ogłoszenia Przejdź do panelu aplikowania Przejdź do panelu bocznego Przejdź do stopki Oferty pracy Pобота Profile pracodawców Porady i narzędzia Moje konto DLA FIRM Dodaj ogłoszenie Kierownik / Kierowniczka Budowy TEXOM S.A.O firmie ważna jeszcze 25 dni (do 13 lut) 10 000 – 15 000 zł brutto / mies. | umowa o pracę Rzeszów(podkarpackie) umowa o pracę pełny etat kierownik / koordynator praca mobilna Asystent Pracuj.pl Podsumowanie oferty Wypróbuj nową funkcję - pomoże Ci ocenić, "
"https://www.pracuj.pl/praca/sekretarz-sekretarka-warszawa-szyszkowa-11,oferta,1004564528?sug=oferta_bottom_bd_13","Przejdź do treści ogłoszenia Przejdź do panelu aplikowania Przejdź do panelu bocznego Przejdź do stopki Oferty pracy Pобота Profile pracodawców Porady i narzędzia Moje konto DLA FIRM Dodaj ogłoszenie Sekretarz / Sekretarka ARTLAB P.S.A.O firmie ważna jeszcze 18 dni (do 06 lut) 7 000 – 8 000 zł brutto / mies. | umowa o pracę Szyszkowa 11, Włochy, Warszawa(mazowieckie) umowa o pracę pełny etat specjalista (mid / regular) praca stacjonarna praca od zaraz Asystent Pracuj.pl Podsumowanie oferty Wypró"
"https://www.pracuj.pl/aplikuj/grafik-graficzka-w-dziale-marketingu-tychy-browarowa-21,oferta,1004592465?apid=f99627d1-4d2e-49f9-9740-e14b7e00f557&oca=CouldNotUse&acv=0","Grafik / Graficzka w Dziale Marketingu TVM Transport & Logistics sp. z o.o., Browarowa 21, Tychy Żeby aplikować na to ogłoszenie, podaj adres e-mail Adres e-mail Dalej Kontynuuj z Google Kontynuuj z Facebook Kontynuuj z Apple Jesteś pracodawcą? Zobacz ofertę dla firm"
"https://www.pracuj.pl/praca/asystent-asystentka-administracji-warszawa,oferta,1004549671?sug=oferta_bottom_bd_19","Przejdź do treści ogłoszenia Przejdź do panelu aplikowania Przejdź do panelu bocznego Przejdź do stopki Oferty pracy Pобота Profile pracodawców Porady i narzędzia Moje konto DLA FIRM Dodaj ogłoszenie Asystent / Asystentka administracji Marszałek i Partnerzy - AdwokaciO firmie ważna jeszcze 3 dni (do 22 sty) Warszawa(mazowieckie) umowa o pracę, umowa zlecenie, kontrakt b2b pełny etat asystent praca stacjonarna praca od zaraz Asystent Pracuj.pl Podsumowanie oferty Wypróbuj nową funkcję - pomoże Ci"
"https://www.pracuj.pl/praca/pracownik-biurowy-pracowniczka-biurowa-warszawa-aleja-jana-pawla-ii-29,oferta,1004556250?sug=oferta_bottom_bd_23","Przejdź do treści ogłoszenia Przejdź do panelu aplikowania Przejdź do panelu bocznego Przejdź do stopki Oferty pracy Pобота Profile pracodawców Porady i narzędzia Moje konto DLA FIRM Dodaj ogłoszenie Pracownik biurowy - Pracowniczka biurowa PAWEŁ MARCINKIEWICZ ADWOKAT KANCELARIA INDYWIDUALNAO firmie ważna jeszcze 11 dni (do 30 sty) aleja Jana Pawła II 29, Warszawa(mazowieckie) umowa o pracę, umowa zlecenie, kontrakt b2b pełny etat specjalista (mid / regular) praca stacjonarna Asystent Pracuj.pl "
"https://www.pracuj.pl/aplikuj/customer-care-specialist-with-slovak-krakow-aleja-pokoju-18e,oferta,1004592464?apid=c194cbfe-d665-43f7-8d27-d4076ba0b0cf&oca=None&acv=0","Cenimy Twoją prywatność Chcemy Cię poinformować, że gdy odwiedzasz nasz serwis, za pomocą plików cookies lub podobnych technologii (nazywamy je łącznie cookies), my lub nasi partnerzy, zbieramy informacje o Twojej aktywności w Pracuj.pl lub w innych serwisach. Dzięki temu możemy zapewnić Ci wygodne i bezpieczne korzystanie z naszego serwisu i naszych usług, dopasować do Twoich preferencji wyświetlane treści, oferty pracy oraz umożliwić Ci korzystanie z funkcji mediów społecznościowych. Szanujemy"
"https://www.pracuj.pl/aplikuj/grafik-graficzka-w-dziale-marketingu-tychy-browarowa-21,oferta,1004592465?apid=14a6233b-4b4f-4cf8-81e3-9ba8c7f8760d&oca=CouldNotUse&acv=0","Cenimy Twoją prywatność Chcemy Cię poinformować, że gdy odwiedzasz nasz serwis, za pomocą plików cookies lub podobnych technologii (nazywamy je łącznie cookies), my lub nasi partnerzy, zbieramy informacje o Twojej aktywności w Pracuj.pl lub w innych serwisach. Dzięki temu możemy zapewnić Ci wygodne i bezpieczne korzystanie z naszego serwisu i naszych usług, dopasować do Twoich preferencji wyświetlane treści, oferty pracy oraz umożliwić Ci korzystanie z funkcji mediów społecznościowych. Szanujemy"
"https://www.pracuj.pl/aplikuj/kierowca-kat-c-k-m-krapkowice-jana-kilinskiego-1,oferta,1004570917?apid=d26d61fd-64a8-4fc6-8d89-cb8d9a9eee3a&oca=CouldNotUse&acv=0","Cenimy Twoją prywatność Chcemy Cię poinformować, że gdy odwiedzasz nasz serwis, za pomocą plików cookies lub podobnych technologii (nazywamy je łącznie cookies), my lub nasi partnerzy, zbieramy informacje o Twojej aktywności w Pracuj.pl lub w innych serwisach. Dzięki temu możemy zapewnić Ci wygodne i bezpieczne korzystanie z naszego serwisu i naszych usług, dopasować do Twoich preferencji wyświetlane treści, oferty pracy oraz umożliwić Ci korzystanie z funkcji mediów społecznościowych. Szanujemy"
"https://www.pracuj.pl/praca/sekretarz-sekretarka-warszawa-wisniowa-40b,oferta,1004580018?sug=oferta_bottom_bd_12","Przejdź do treści ogłoszenia Przejdź do panelu aplikowania Przejdź do panelu bocznego Przejdź do stopki Oferty pracy Pобота Profile pracodawców Porady i narzędzia Moje konto DLA FIRM Dodaj ogłoszenie Sekretarz / Sekretarka MALINOWSKI, PIEŃKOWSKA-SAMUL I WSPÓLNICY RADCOWIE PRAWNI I ADWOKACI SPÓŁKA PARTNERSKAO firmie ważna jeszcze 25 dni (do 13 lut) 4 900 – 5 500 zł brutto / mies. | umowa o pracę 4 900 – 5 500 zł brutto / mies. | umowa zlecenie Wiśniowa 40b, Mokotów, Warszawa(mazowieckie) umowa o "
"https://www.pracuj.pl/praca/asystent-asystentka-sekretarz-sekretarka-kancelarii-prawnej-warszawa-adama-mickiewicza-18a,oferta,1004586836?sug=oferta_bottom_bd_15","Przejdź do treści ogłoszenia Przejdź do panelu aplikowania Przejdź do panelu bocznego Przejdź do stopki Oferty pracy Pобота Profile pracodawców Porady i narzędzia Moje konto DLA FIRM Dodaj ogłoszenie Asystent / Asystentka - Sekretarz / Sekretarka kancelarii prawnej Kancelaria KJT Radcy Prawnego Jakuba TereszczukaO firmie ważna jeszcze miesiąc (do 15 lut) 5 500 – 6 500 zł brutto / mies. | umowa o pracę Adama Mickiewicza 18A, Żoliborz, Warszawa(mazowieckie) umowa o pracę pełny etat asystent praca "
"https://www.pracuj.pl/aplikuj/customer-care-specialist-with-slovak-krakow-aleja-pokoju-18e,oferta,1004592464?apid=12cca095-bd2f-4cdb-9b52-46f876180369&oca=None&acv=0","Customer Care Specialist with Slovak Capgemini Polska, Aleja Pokoju 18E, Grzegórzki, Kraków Żeby aplikować na to ogłoszenie, podaj adres e-mail Adres e-mail Dalej Kontynuuj z Google Kontynuuj z Facebook Kontynuuj z Apple Jesteś pracodawcą? Zobacz ofertę dla firm"
"https://www.pracuj.pl/praca/marketing;cc,5018","Przejdź do wyszukiwarki Przejdź do ofert Przejdź do filtrów Przejdź do stopki Oferty pracy Pобота Profile pracodawców Porady i narzędzia Moje konto DLA FIRM Dodaj ogłoszenie Hej! Jakiej pracy szukasz? Stanowisko, firma, słowo kluczowe Kategoria Lokalizacja Odległość Szukaj 1164 Historia wyszukiwania Przejdź do wyszukiwarki Przejdź do ofert Przejdź do filtrów Przejdź do stopki Praca: Marketing - 1164 oferty pracy Zapisz wyszukiwanie Sortuj: Dla Ciebie z21 Specjalista / Specjalistka ds. Marketingu"
"https://www.pracuj.pl/praca/obs%c5%82uga%20klienta;cc,5021","Przejdź do wyszukiwarki Przejdź do ofert Przejdź do filtrów Przejdź do stopki Oferty pracy Pобота Profile pracodawców Porady i narzędzia Moje konto DLA FIRM Dodaj ogłoszenie Hej! Jakiej pracy szukasz? Stanowisko, firma, słowo kluczowe Kategoria Lokalizacja Odległość Szukaj 8359 Historia wyszukiwania Przejdź do wyszukiwarki Przejdź do ofert Przejdź do filtrów Przejdź do stopki Praca: Obsługa klienta - 8359 ofert pracy Zapisz wyszukiwanie Sortuj: Dla Ciebie z104 Osoba do działu sprzedaży - handel "
"https://www.pracuj.pl/aplikuj/kierowca-kat-c-k-m-krapkowice-jana-kilinskiego-1,oferta,1004570917?apid=9fd04588-d712-4ddc-9323-aefbf944b8b4&oca=CouldNotUse&acv=0","Kierowca kat. C (k/m) GRUPA KAPITAŁOWA SPECJAŁ, Jana Kilińskiego 1, Krapkowice Żeby aplikować na to ogłoszenie, podaj adres e-mail Adres e-mail Dalej Kontynuuj z Google Kontynuuj z Facebook Kontynuuj z Apple Jesteś pracodawcą? Zobacz ofertę dla firm"
"https://www.pracuj.pl/aplikuj/grafik-graficzka-w-dziale-marketingu-tychy-browarowa-21,oferta,1004592465?apid=2c79247c-af83-4977-b492-0b7f56251c95&oca=CouldNotUse&acv=0","Grafik / Graficzka w Dziale Marketingu TVM Transport & Logistics sp. z o.o., Browarowa 21, Tychy Żeby aplikować na to ogłoszenie, podaj adres e-mail Adres e-mail Dalej Kontynuuj z Google Kontynuuj z Facebook Kontynuuj z Apple Jesteś pracodawcą? Zobacz ofertę dla firm"
"https://www.pracuj.pl/praca/kierowca-c%2be-austria-m-w-d-betonomieszarka-gruszka-austria,oferta,11749182?sug=oferta_bottom_bd_1","Przejdź do treści ogłoszenia Przejdź do panelu aplikowania Przejdź do panelu bocznego Przejdź do stopki Oferty pracy Pобота Profile pracodawców Porady i narzędzia Moje konto DLA FIRM Dodaj ogłoszenie Kierowca C+E Austria (M/W/D) – betonomieszarka / gruszka MARIWA SOLUTIONS - MAREK JANIGAO firmie ważna jeszcze 2 dni (do 21 sty) 15 000 – 20 000 zł brutto / mies. | umowa o pracę Górna Austria (okolice Molln), Austria(zagranica) umowa o pracę pełny etat pracownik fizyczny praca stacjonarna praca od "
"https://www.pracuj.pl/praca/kierowca-ciezarowki-c%2be-olesno,oferta,1004580364?sug=oferta_bottom_bd_2",Przejdź do treści ogłoszenia Przejdź do panelu aplikowania Przejdź do panelu bocznego Przejdź do stopki Oferty pracy Pобота Profile pracodawców Porady i narzędzia Moje konto DLA FIRM Dodaj ogłoszenie Kierowca ciężarówki C+E ZAKŁAD USŁUGOWO - HANDLOWY KLAUDIUSZ WOLNYO firmie ważna jeszcze 25 dni (do 13 lut) 12 500 – 14 000 zł brutto / mies. | umowa o pracę Olesno(opolskie) umowa o pracę pełny etat pracownik fizyczny praca mobilna praca od zaraz szukamy wielu kandydatów(3 wakaty) pracodawca nie wy
"https://www.pracuj.pl/praca/kierowca-ciezarowki-c-opole,oferta,1004573762?sug=oferta_bottom_bd_3","Przejdź do treści ogłoszenia Przejdź do panelu aplikowania Przejdź do panelu bocznego Przejdź do stopki Oferty pracy Pобота Profile pracodawców Porady i narzędzia Moje konto DLA FIRM Dodaj ogłoszenie Kierowca ciężarówki C MENTORO firmie ważna jeszcze 23 dni (do 11 lut) 8 000 – 9 000 zł brutto / mies. | umowa o pracę 8 000 – 9 000 zł brutto / mies. | umowa o dzieło inne rodzaje umów Opole(opolskie) umowa o pracę, umowa o dzieło, umowa zlecenie, kontrakt b2b pełny etat pracownik fizyczny praca sta"
"https://www.pracuj.pl/praca/digital-sales-representative-with-czech-or-slovak-krakow-opolska-110,oferta,1004587195?sug=oferta_bottom_jit_3","Przejdź do treści ogłoszenia Przejdź do panelu aplikowania Przejdź do panelu bocznego Przejdź do stopki Oferty pracy Pобота Profile pracodawców Porady i narzędzia Moje konto DLA FIRM Dodaj ogłoszenie Digital Sales Representative with Czech or Slovak TTECAbout the company valid for a month (to 15 Feb) 9 000 – 9 500 zł gross / mth. | contract of employment Opolska 110, Prądnik Czerwony, Kraków(Lesser Poland) contract of employment full-time junior specialist (junior), specialist (mid / regular) fu"
"https://www.pracuj.pl/praca/pracownik-czka-recepcji-biura-krajowej-izby-fizjoterapeutow-warszawa-aleje-jerozolimskie-93,oferta,1004556281?sug=oferta_bottom_bd_18","Przejdź do treści ogłoszenia Przejdź do panelu aplikowania Przejdź do panelu bocznego Przejdź do stopki Oferty pracy Pобота Profile pracodawców Porady i narzędzia Moje konto DLA FIRM Dodaj ogłoszenie Pracownik/czka Recepcji Biura Krajowej Izby Fizjoterapeutów Krajowa Izba FizjoterapeutówO firmie ważna jeszcze 11 dni (do 30 sty) 6 000 – 7 000 zł brutto / mies. | umowa o pracę Aleje Jerozolimskie 93, Ochota, Warszawa(mazowieckie) umowa o pracę pełny etat specjalista (mid / regular) praca stacjonar"
https://www.pracuj.pl/praca/tychy;wp,"Przejdź do wyszukiwarki Przejdź do ofert Przejdź do filtrów Przejdź do stopki Oferty pracy Pобота Profile pracodawców Porady i narzędzia Moje konto DLA FIRM Dodaj ogłoszenie Hej! Jakiej pracy szukasz? Stanowisko, firma, słowo kluczowe Kategoria Lokalizacja Odległość Szukaj 2954 Historia wyszukiwania Przejdź do wyszukiwarki Przejdź do ofert Przejdź do filtrów Przejdź do stopki Praca: Tychy - 2954 oferty pracy Zapisz wyszukiwanie Sortuj: Dla Ciebie z54 Pokaż dopasowane oferty pracy zdalnej(+2049) "
https://www.pracuj.pl/praca/krakow;wp,"Przejdź do wyszukiwarki Przejdź do ofert Przejdź do filtrów Przejdź do stopki Oferty pracy Pобота Profile pracodawców Porady i narzędzia Moje konto DLA FIRM Dodaj ogłoszenie Hej! Jakiej pracy szukasz? Stanowisko, firma, słowo kluczowe Kategoria Lokalizacja Odległość Szukaj 5148 Historia wyszukiwania Przejdź do wyszukiwarki Przejdź do ofert Przejdź do filtrów Przejdź do stopki Praca: Kraków - 5148 ofert pracy Zapisz wyszukiwanie Sortuj: Dla Ciebie z75 Pokaż dopasowane oferty pracy zdalnej(+2021) "
"https://www.pracuj.pl/praca/marketing;cc,5018/kampanie%20marketingowe%20eventy;cc,5018002","Przejdź do wyszukiwarki Przejdź do ofert Przejdź do filtrów Przejdź do stopki Oferty pracy Pобота Profile pracodawców Porady i narzędzia Moje konto DLA FIRM Dodaj ogłoszenie Hej! Jakiej pracy szukasz? Stanowisko, firma, słowo kluczowe Kategoria Lokalizacja Odległość Szukaj 269 Historia wyszukiwania Przejdź do wyszukiwarki Przejdź do ofert Przejdź do filtrów Przejdź do stopki Praca: Kampanie marketingowe / Eventy - 269 ofert pracy Zapisz wyszukiwanie Sortuj: Dla Ciebie z6 Specjalista / Specjalist"
"https://www.pracuj.pl/praca/grafik-graficzka-katowice,oferta,1004575143?sug=oferta_bottom_jit_3","Przejdź do treści ogłoszenia Przejdź do panelu aplikowania Przejdź do panelu bocznego Przejdź do stopki Oferty pracy Pобота Profile pracodawców Porady i narzędzia Moje konto DLA FIRM Dodaj ogłoszenie Grafik / Graficzka DPM Sp. z o.o.O firmie ważna jeszcze 23 dni (do 11 lut) Katowice(śląskie) umowa o pracę, kontrakt b2b pełny etat specjalista (mid / regular) praca stacjonarna Asystent Pracuj.pl Podsumowanie oferty Wypróbuj nową funkcję - pomoże Ci ocenić, czy ta oferta może być dla Ciebie. Pokaż "
"https://www.pracuj.pl/praca/customer-service-specialist-with-slovak-and-nordic-languages-m-f-krakow,oferta,1004581769?sug=oferta_bottom_jit_2",Przejdź do treści ogłoszenia Przejdź do panelu aplikowania Przejdź do panelu bocznego Przejdź do stopki Oferty pracy Pобота Profile pracodawców Porady i narzędzia Moje konto DLA FIRM Dodaj ogłoszenie Customer Service Specialist with Slovak and Nordic languages (m/f) Goldman RecruitmentAbout the company valid for 25 days (to 13 Feb) Kraków(Lesser Poland) contract of employment full-time specialist (mid / regular) hybrid work Asystent Pracuj.pl Podsumowanie oferty Wypróbuj nową funkcję - pomoże Ci
"https://www.pracuj.pl/praca/kierowca-c%2be-transport-krajowy-otmice-pow-strzelecki-mikolaja-kopernika-3b,oferta,1004583603?sug=oferta_bottom_bd_4","Przejdź do treści ogłoszenia Przejdź do panelu aplikowania Przejdź do panelu bocznego Przejdź do stopki Oferty pracy Pобота Profile pracodawców Porady i narzędzia Moje konto DLA FIRM Dodaj ogłoszenie Kierowca C+E - transport krajowy AMAKS-TRANS sp. z o.o.O firmie ważna jeszcze miesiąc (do 14 lut) 8 500 – 10 000 zł brutto / mies. | umowa o pracę 8 500 – 10 000 zł brutto / mies. | umowa zlecenie Mikołaja Kopernika 3b, Otmice (pow. strzelecki)(opolskie) umowa o pracę, umowa zlecenie pełny etat prac"
"https://www.pracuj.pl/praca/kierowca-kat-c%2be-opole,oferta,1004555206?sug=oferta_bottom_bd_7",Przejdź do treści ogłoszenia Przejdź do panelu aplikowania Przejdź do panelu bocznego Przejdź do stopki Oferty pracy Pобота Profile pracodawców Porady i narzędzia Moje konto DLA FIRM Dodaj ogłoszenie Kierowca kat. C+E DUHABEX Sp z o.o.O firmie ważna jeszcze 10 dni (do 29 sty) 9 500 – 16 000 zł brutto / mies. | umowa o pracę Opole(opolskie) umowa o pracę pełny etat pracownik fizyczny praca mobilna praca od zaraz szukamy wielu kandydatów(30 wakatów) rekrutacja zdalna запрошуємо працівників з украї
"https://www.pracuj.pl/praca/technical-support-agent-with-slovenian-english-krakow-opolska-112,oferta,1004572971?sug=oferta_bottom_jit_6","Przejdź do treści ogłoszenia Przejdź do panelu aplikowania Przejdź do panelu bocznego Przejdź do stopki Oferty pracy Pобота Profile pracodawców Porady i narzędzia Moje konto DLA FIRM Dodaj ogłoszenie Technical Support Agent with Slovenian & English HCL PolandAbout the company valid for 23 days (to 11 Feb) Opolska 112, Prądnik Czerwony, Kraków(Lesser Poland) contract of employment full-time specialist (mid / regular) home office work, hybrid work immediate employment remote recruitment Asystent P"
"https://www.pracuj.pl/praca/grafik-specjalista-ds-marketingu-k-m-wroclaw-swojczycka-38e,oferta,1004583898?sug=oferta_bottom_jit_7","Przejdź do treści ogłoszenia Przejdź do panelu aplikowania Przejdź do panelu bocznego Przejdź do stopki Oferty pracy Pобота Profile pracodawców Porady i narzędzia Moje konto DLA FIRM Dodaj ogłoszenie Grafik - Specjalista ds. marketingu (K/M) ELKO BIS SYSTEMY ODGROMOWEO firmie ważna jeszcze miesiąc (do 14 lut) Swojczycka 38e, Psie Pole, Wrocław(dolnośląskie) umowa o pracę pełny etat specjalista (mid / regular) praca stacjonarna Asystent Pracuj.pl Podsumowanie oferty Wypróbuj nową funkcję - pomoże"
"https://www.pracuj.pl/praca/obs%c5%82uga%20klienta;cc,5021/it%20telekomunikacja;cc,5021005","Przejdź do wyszukiwarki Przejdź do ofert Przejdź do filtrów Przejdź do stopki Oferty pracy Pобота Profile pracodawców Porady i narzędzia Moje konto DLA FIRM Dodaj ogłoszenie Hej! Jakiej pracy szukasz? Stanowisko, firma, słowo kluczowe Kategoria Lokalizacja Odległość Szukaj 709 Historia wyszukiwania Przejdź do wyszukiwarki Przejdź do ofert Przejdź do filtrów Przejdź do stopki Praca: IT / Telekomunikacja - 709 ofert pracy Zapisz wyszukiwanie Sortuj: Dla Ciebie z7 Superoferta Kierownik Elektromarke"
"https://www.pracuj.pl/praca/praca%20fizyczna;cc,5022/kurierzy%20dostawcy;cc,5022008","Przejdź do wyszukiwarki Przejdź do ofert Przejdź do filtrów Przejdź do stopki Oferty pracy Pобота Profile pracodawców Porady i narzędzia Moje konto DLA FIRM Dodaj ogłoszenie Hej! Jakiej pracy szukasz? Stanowisko, firma, słowo kluczowe Kategoria Lokalizacja Odległość Szukaj 902 Historia wyszukiwania Przejdź do wyszukiwarki Przejdź do ofert Przejdź do filtrów Przejdź do stopki Praca: Kurierzy / Dostawcy - 902 oferty pracy Zapisz wyszukiwanie Sortuj: Dla Ciebie z14 Doradca Mobilny - kierowca w wypo"
"https://www.pracuj.pl/aplikuj/customer-care-specialist-with-slovak-krakow-aleja-pokoju-18e,oferta,1004592464?apid=5de9e28f-ccfa-4844-8927-53b8896f5788&oca=None&acv=0","Cenimy Twoją prywatność Chcemy Cię poinformować, że gdy odwiedzasz nasz serwis, za pomocą plików cookies lub podobnych technologii (nazywamy je łącznie cookies), my lub nasi partnerzy, zbieramy informacje o Twojej aktywności w Pracuj.pl lub w innych serwisach. Dzięki temu możemy zapewnić Ci wygodne i bezpieczne korzystanie z naszego serwisu i naszych usług, dopasować do Twoich preferencji wyświetlane treści, oferty pracy oraz umożliwić Ci korzystanie z funkcji mediów społecznościowych. Szanujemy"
"https://www.pracuj.pl/praca/junior-marketing-content-creator-rybnik-rudzka-65c,oferta,1004551588?sug=oferta_bottom_jit_4","Przejdź do treści ogłoszenia Przejdź do panelu aplikowania Przejdź do panelu bocznego Przejdź do stopki Oferty pracy Pобота Profile pracodawców Porady i narzędzia Moje konto DLA FIRM Dodaj ogłoszenie Junior Marketing Content Creator INNPRO ROBERT BŁĘDOWSKI sp. z o.o.O firmie ważna jeszcze 8 dni (do 27 sty) 4 800 – 5 300 zł brutto / mies. | umowa o pracę Rudzka 65c, Rybnik-Północ, Rybnik(śląskie) umowa o pracę pełny etat młodszy specjalista (junior) praca stacjonarna praca od zaraz Asystent Pracu"
"https://www.pracuj.pl/praca/customer-finance-assistant-with-slovenian-krakow-aleja-pokoju-18e,oferta,1004561977?sug=oferta_bottom_jit_4","Przejdź do treści ogłoszenia Przejdź do panelu aplikowania Przejdź do panelu bocznego Przejdź do stopki Oferty pracy Pобота Profile pracodawców Porady i narzędzia Moje konto DLA FIRM Dodaj ogłoszenie Customer Finance Assistant with Slovenian Capgemini PolskaAbout the company valid for 18 days (to 06 Feb) Aleja Pokoju 18E, Grzegórzki, Kraków(Lesser Poland) contract of employment full-time assistant hybrid work remote recruitment Asystent Pracuj.pl Podsumowanie oferty Wypróbuj nową funkcję - pomoż"
"https://www.pracuj.pl/praca/grafik-graficzka-projektant-projektantka-czeladz-wiejska-46,oferta,1004573483?sug=oferta_bottom_jit_2","Przejdź do treści ogłoszenia Przejdź do panelu aplikowania Przejdź do panelu bocznego Przejdź do stopki Oferty pracy Pобота Profile pracodawców Porady i narzędzia Moje konto DLA FIRM Dodaj ogłoszenie Grafik / Graficzka - Projektant / Projektantka KOLBA sp. z o.o.O firmie ważna jeszcze 23 dni (do 11 lut) 5 500 – 8 000 zł brutto / mies. | umowa o pracę Wiejska 46, Czeladź(śląskie) umowa o pracę pełny etat specjalista (mid / regular) praca stacjonarna praca od zaraz Asystent Pracuj.pl Podsumowanie "
"https://www.pracuj.pl/praca/kierowca-busa-kat-b-opole,oferta,1004555618?sug=oferta_bottom_bd_6","Przejdź do treści ogłoszenia Przejdź do panelu aplikowania Przejdź do panelu bocznego Przejdź do stopki Oferty pracy Pобота Profile pracodawców Porady i narzędzia Moje konto DLA FIRM Dodaj ogłoszenie Kierowca busa kat. B TKM POŁUDNIE sp. z o.o.O firmie ważna jeszcze 10 dni (do 29 sty) 7 000 – 11 000 zł brutto / mies. | umowa zlecenie Opole(opolskie) umowa zlecenie, kontrakt b2b pracownik fizyczny praca mobilna praca od zaraz pracodawca nie wymaga cv Asystent Pracuj.pl Podsumowanie oferty Wypróbu"
"https://www.pracuj.pl/praca/grafik-graficzka-tworca-projektow-graficznych-warszawa-daimlera-2,oferta,1004552807?sug=oferta_bottom_jit_6","Przejdź do treści ogłoszenia Przejdź do panelu aplikowania Przejdź do panelu bocznego Przejdź do stopki Oferty pracy Pобота Profile pracodawców Porady i narzędzia Moje konto DLA FIRM Dodaj ogłoszenie Grafik / Graficzka (Twórca Projektów Graficznych) Anwim S.A.O firmie ważna jeszcze 9 dni (do 28 sty) Daimlera 2, Włochy, Warszawa(mazowieckie) kontrakt b2b część etatu młodszy specjalista (junior), specjalista (mid / regular) praca hybrydowa praca od zaraz Asystent Pracuj.pl Podsumowanie oferty Wypr"
"https://www.pracuj.pl/praca/specjalista-ds-e-commerce-bielsko-biala,oferta,1004587087?sug=oferta_bottom_jit_8","Przejdź do treści ogłoszenia Przejdź do panelu aplikowania Przejdź do panelu bocznego Przejdź do stopki Oferty pracy Pобота Profile pracodawców Porady i narzędzia Moje konto DLA FIRM Dodaj ogłoszenie Specjalista ds. e-commerce Marrodent Sp. z o.o.O firmie ważna jeszcze miesiąc (do 15 lut) Bielsko-Biała(śląskie) umowa o pracę pełny etat specjalista (mid / regular) praca stacjonarna praca od zaraz Asystent Pracuj.pl Podsumowanie oferty Wypróbuj nową funkcję - pomoże Ci ocenić, czy ta oferta może b"
"https://www.pracuj.pl/praca/osoba-kierujaca-pojazdem-w-miedzynarodowym-transporcie-zywych-zwierzat-kat-c%2be-opole-partyzancka-50c,oferta,1004558980?sug=oferta_bottom_bd_9","Przejdź do treści ogłoszenia Przejdź do panelu aplikowania Przejdź do panelu bocznego Przejdź do stopki Oferty pracy Pобота Profile pracodawców Porady i narzędzia Moje konto DLA FIRM Dodaj ogłoszenie Osoba kierująca pojazdem w międzynarodowym transporcie żywych zwierząt kat. C+E INTEREXPRES-TRANSO firmie ważna jeszcze 11 dni (do 30 sty) 15 000 – 20 000 zł brutto / mies. | umowa o pracę Partyzancka 50C, Opole(opolskie) umowa o pracę pełny etat pracownik fizyczny praca mobilna(Praca na terenie Eur"
"https://www.pracuj.pl/praca/junior-back-office-specialist-with-lithuanian-shift-work-m-f-krakow,oferta,1004567341?sug=oferta_bottom_jit_9","Przejdź do treści ogłoszenia Przejdź do panelu aplikowania Przejdź do panelu bocznego Przejdź do stopki Oferty pracy Pобота Profile pracodawców Porady i narzędzia Moje konto DLA FIRM Dodaj ogłoszenie Junior Back Office Specialist with Lithuanian (shift work) (M/F) Arche Consulting Sp z o.o.About the company valid for 19 days (to 07 Feb) Kraków(Lesser Poland) contract of employment full-time junior specialist (junior), specialist (mid / regular) full office work immediate employment Asystent Prac"
"https://www.pracuj.pl/praca/grafik-graficzka-koscierzyna-kapliczna-5,oferta,1004576423?sug=oferta_bottom_jit_10","Przejdź do treści ogłoszenia Przejdź do panelu aplikowania Przejdź do panelu bocznego Przejdź do stopki Oferty pracy Pобота Profile pracodawców Porady i narzędzia Moje konto DLA FIRM Dodaj ogłoszenie Grafik / Graficzka TAD-MET sp. z o.o. SKO firmie ważna jeszcze 23 dni (do 11 lut) 7 000 – 9 000 zł brutto / mies. | umowa o pracę Kapliczna 5, Kościerzyna(pomorskie) umowa o pracę, kontrakt b2b pełny etat specjalista (mid / regular) praca stacjonarna, praca hybrydowa Asystent Pracuj.pl Podsumowanie "
"https://www.pracuj.pl/praca/grafik-tworca-reklamy-i-etykiet-bierun,oferta,1004586263?sug=oferta_bottom_jit_1","Przejdź do treści ogłoszenia Przejdź do panelu aplikowania Przejdź do panelu bocznego Przejdź do stopki Oferty pracy Pобота Profile pracodawców Porady i narzędzia Moje konto DLA FIRM Dodaj ogłoszenie Grafik / Twórca reklamy i etykiet BUCHCIK sp. z o.o.O firmie ważna jeszcze miesiąc (do 15 lut) 5 000 – 6 000 zł brutto / mies. | umowa o pracę 5 000 – 6 000 zł brutto / mies. | umowa zlecenie Bieruń(śląskie) umowa o pracę, umowa zlecenie pełny etat specjalista (mid / regular) praca stacjonarna Asyst"
"https://www.pracuj.pl/praca/technical-customer-support-with-polish-or-czech-slovak-remote-romania,oferta,11761916?sug=oferta_bottom_jit_1_boosterAI_L2",Przejdź do treści ogłoszenia Przejdź do panelu aplikowania Przejdź do panelu bocznego Przejdź do stopki Oferty pracy Pобота Profile pracodawców Porady i narzędzia Moje konto DLA FIRM Dodaj ogłoszenie Technical Customer Support with Polish or Czech & Slovak (remote) COMPUTER GENERATED SOLUTIONS ROMANIA SRLAbout the company valid for over a month (to 19 Feb) Company location: Romania(abroad) Workplace: Whole Poland (remote work) contract of employment full-time specialist (mid / regular) home offi
https://www.pracuj.pl/praca/krapkowice;wp,"Przejdź do wyszukiwarki Przejdź do ofert Przejdź do filtrów Przejdź do stopki Oferty pracy Pобота Profile pracodawców Porady i narzędzia Moje konto DLA FIRM Dodaj ogłoszenie Hej! Jakiej pracy szukasz? Stanowisko, firma, słowo kluczowe Kategoria Lokalizacja Odległość Szukaj 676 Historia wyszukiwania Przejdź do wyszukiwarki Przejdź do ofert Przejdź do filtrów Przejdź do stopki Praca: Krapkowice - 676 ofert pracy Zapisz wyszukiwanie Sortuj: Dla Ciebie z13 Pokaż dopasowane oferty pracy zdalnej(+2161"
"https://www.pracuj.pl/praca/customer-service-representative-with-czech-krakow,oferta,1004560231?sug=oferta_bottom_jit_5","Przejdź do treści ogłoszenia Przejdź do panelu aplikowania Przejdź do panelu bocznego Przejdź do stopki Oferty pracy Pобота Profile pracodawców Porady i narzędzia Moje konto DLA FIRM Dodaj ogłoszenie Customer Service Representative with Czech Antal SSC/BPOAbout the company valid for 16 days (to 04 Feb) Kraków(Lesser Poland) contract of employment full-time junior specialist (junior), specialist (mid / regular) hybrid work immediate employment remote recruitment запрошуємо працівників з україни р"
"https://www.pracuj.pl/praca/technical-support-with-czech-english-krakow-opolska-112,oferta,1004584713?sug=oferta_bottom_jit_7","Przejdź do treści ogłoszenia Przejdź do panelu aplikowania Przejdź do panelu bocznego Przejdź do stopki Oferty pracy Pобота Profile pracodawców Porady i narzędzia Moje konto DLA FIRM Dodaj ogłoszenie Technical Support with Czech & English HCL PolandAbout the company valid for a month (to 14 Feb) Opolska 112, Prądnik Czerwony, Kraków(Lesser Poland) contract of employment full-time specialist (mid / regular) full office work, hybrid work immediate employment remote recruitment Asystent Pracuj.pl P"
"https://www.pracuj.pl/praca/kierowca-asenizacyjny-kategoria-c%2be-lub-c-m-k-antoniow-pow-opolski-powstancow-slaskich-58,oferta,1004571325?sug=oferta_bottom_bd_8","Przejdź do treści ogłoszenia Przejdź do panelu aplikowania Przejdź do panelu bocznego Przejdź do stopki Oferty pracy Pобота Profile pracodawców Porady i narzędzia Moje konto DLA FIRM Dodaj ogłoszenie Kierowca asenizacyjny | kategoria C+E lub C (m/k) TOI TOI Polska Sp. z o.o.O firmie ważna jeszcze 20 dni (do 08 lut) Powstańców Śląskich 58, Antoniów (pow. opolski)(opolskie) umowa o pracę pełny etat pracownik fizyczny praca mobilna(województwo opolskie) praca od zaraz Asystent Pracuj.pl Podsumowani"
"https://www.pracuj.pl/praca/kierowca-ciezarowki-minsk-mazowiecki,oferta,1004572462?sug=oferta_bottom_bd_12","Przejdź do treści ogłoszenia Przejdź do panelu aplikowania Przejdź do panelu bocznego Przejdź do stopki Oferty pracy Pобота Profile pracodawców Porady i narzędzia Moje konto DLA FIRM Dodaj ogłoszenie Kierowca ciężarówki WRZOSEK TRANSPORT MARCIN WRZOSEKO firmie ważna jeszcze 23 dni (do 11 lut) Mińsk Mazowiecki(mazowieckie) umowa o pracę pełny etat pracownik fizyczny praca mobilna(Polska) pracodawca nie wymaga cv Asystent Pracuj.pl Podsumowanie oferty Wypróbuj nową funkcję - pomoże Ci ocenić, czy "
"https://www.pracuj.pl/praca/customer-care-specialist-with-danish-krakow-aleja-pokoju-18e,oferta,1004556005?sug=oferta_bottom_jit_11","Przejdź do treści ogłoszenia Przejdź do panelu aplikowania Przejdź do panelu bocznego Przejdź do stopki Oferty pracy Pобота Profile pracodawców Porady i narzędzia Moje konto DLA FIRM Dodaj ogłoszenie Customer Care Specialist with Danish Capgemini PolskaAbout the company valid for 11 days (to 30 Jan) Aleja Pokoju 18E, Grzegórzki, Kraków(Lesser Poland) contract of employment full-time specialist (mid / regular) hybrid work remote recruitment Asystent Pracuj.pl Podsumowanie oferty Wypróbuj nową fun"
"https://www.pracuj.pl/praca/grafik-graficzka-rzeszow-generala-mariana-langiewicza-18,oferta,1004589147?sug=oferta_bottom_jit_12","Przejdź do treści ogłoszenia Przejdź do panelu aplikowania Przejdź do panelu bocznego Przejdź do stopki Oferty pracy Pобота Profile pracodawców Porady i narzędzia Moje konto DLA FIRM Dodaj ogłoszenie Grafik / Graficzka SIPO sp. z o.o.O firmie ważna jeszcze miesiąc (do 17 lut) Generała Mariana Langiewicza 18, Rzeszów(podkarpackie) umowa o pracę, kontrakt b2b pełny etat specjalista (mid / regular) praca stacjonarna praca od zaraz Asystent Pracuj.pl Podsumowanie oferty Wypróbuj nową funkcję - pomoż"
"https://www.pracuj.pl/praca/kierowca-transportu-zywca-kat-c%2be-korsze,oferta,1004568782?sug=oferta_bottom_bd_14",Przejdź do treści ogłoszenia Przejdź do panelu aplikowania Przejdź do panelu bocznego Przejdź do stopki Oferty pracy Pобота Profile pracodawców Porady i narzędzia Moje konto DLA FIRM Dodaj ogłoszenie Kierowca transportu żywca kat. C+E Animex Foods Sp. z o.o. Oddział AgriO firmie ważna jeszcze 20 dni (do 08 lut) Korsze(warmińsko-mazurskie) umowa o pracę pełny etat pracownik fizyczny praca mobilna praca od zaraz szukamy wielu kandydatów Asystent Pracuj.pl Podsumowanie oferty Wypróbuj nową funkcję 
"https://www.pracuj.pl/praca/graphic-motion-designer-opole-technologiczna-4,oferta,1004579840?sug=oferta_bottom_jit_14","Przejdź do treści ogłoszenia Przejdź do panelu aplikowania Przejdź do panelu bocznego Przejdź do stopki Oferty pracy Pобота Profile pracodawców Porady i narzędzia Moje konto DLA FIRM Dodaj ogłoszenie Graphic & Motion Designer Wazdan Services Limited Sp. z o.o.O firmie ważna jeszcze 25 dni (do 13 lut) Technologiczna 4, Opole(opolskie) umowa zlecenie, kontrakt b2b pełny etat specjalista (mid / regular) praca stacjonarna praca od zaraz Asystent Pracuj.pl Podsumowanie oferty Wypróbuj nową funkcję - "
"https://www.pracuj.pl/praca/it-support-agent-with-finnish-krakow-aleja-pokoju-18e,oferta,1004548791?sug=oferta_bottom_jit_13","Przejdź do treści ogłoszenia Przejdź do panelu aplikowania Przejdź do panelu bocznego Przejdź do stopki Oferty pracy Pобота Profile pracodawców Porady i narzędzia Moje konto DLA FIRM Dodaj ogłoszenie IT Support Agent with Finnish Capgemini PolskaAbout the company valid for 3 days (to 22 Jan) Aleja Pokoju 18E, Grzegórzki, Kraków(Lesser Poland) contract of employment full-time junior specialist (junior) hybrid work remote recruitment Asystent Pracuj.pl Podsumowanie oferty Wypróbuj nową funkcję - p"
"https://www.pracuj.pl/praca/kierowca-c%2be-gubin,oferta,1004570672?sug=oferta_bottom_bd_5",Przejdź do treści ogłoszenia Przejdź do panelu aplikowania Przejdź do panelu bocznego Przejdź do stopki Oferty pracy Pобота Profile pracodawców Porady i narzędzia Moje konto DLA FIRM Dodaj ogłoszenie Kierowca C+E BERNARDA KONIECZNA ROBERT KONIECZNY SILO TRANS sp.j.O firmie ważna jeszcze 20 dni (do 08 lut) 12 000 – 16 000 zł brutto / mies. | umowa o pracę Gubin(lubuskie) umowa o pracę pełny etat pracownik fizyczny praca mobilna(Europa zachodnia i Skandynawia) praca od zaraz pracodawca nie wymaga 
"https://www.pracuj.pl/praca/kierowca-ciezarowki-slawkow-fabryczna-28,oferta,1004570798?sug=oferta_bottom_bd_16","Przejdź do treści ogłoszenia Przejdź do panelu aplikowania Przejdź do panelu bocznego Przejdź do stopki Oferty pracy Pобота Profile pracodawców Porady i narzędzia Moje konto DLA FIRM Dodaj ogłoszenie Kierowca ciężarówki EKO-GRANT sp. z o.o. SKO firmie ważna jeszcze 20 dni (do 08 lut) 35,00 – 45,00 zł brutto / godz. | umowa o pracę Fabryczna 28, Sławków(śląskie) umowa o pracę pełny etat pracownik fizyczny praca stacjonarna pracodawca nie wymaga cv Asystent Pracuj.pl Podsumowanie oferty Wypróbuj n"
"https://www.pracuj.pl/praca/hr-specialist-german-speaker-zabierzow-pow-krakowski-krakowska-280,oferta,1004557313?sug=oferta_bottom_jit_15","Przejdź do treści ogłoszenia Przejdź do panelu aplikowania Przejdź do panelu bocznego Przejdź do stopki Oferty pracy Pобота Profile pracodawców Porady i narzędzia Moje konto DLA FIRM Dodaj ogłoszenie HR Specialist, German Speaker UPM Kymmene Sp. z o.o.About the company valid for 13 days (to 01 Feb) Krakowska 280, Zabierzów (pow. krakowski)(Lesser Poland) contract of employment full-time specialist (mid / regular) hybrid work Asystent Pracuj.pl Podsumowanie oferty Wypróbuj nową funkcję - pomoże C"
"https://www.pracuj.pl/praca/junior-customer-support-specialist-with-german-krakow-aleja-pokoju-18e,oferta,1004563203?sug=oferta_bottom_jit_10","Przejdź do treści ogłoszenia Przejdź do panelu aplikowania Przejdź do panelu bocznego Przejdź do stopki Oferty pracy Pобота Profile pracodawców Porady i narzędzia Moje konto DLA FIRM Dodaj ogłoszenie Junior Customer Support Specialist with German Capgemini PolskaAbout the company valid for 18 days (to 06 Feb) Aleja Pokoju 18E, Grzegórzki, Kraków(Lesser Poland) contract of employment full-time junior specialist (junior) hybrid work Asystent Pracuj.pl Podsumowanie oferty Wypróbuj nową funkcję - po"
"https://www.pracuj.pl/praca/kierowca-kierowczyni-c-lub-ce-dino-agro-dystrybucja-strzelce-opolskie,oferta,1004582892?sug=oferta_bottom_bd_11",Przejdź do treści ogłoszenia Przejdź do panelu aplikowania Przejdź do panelu bocznego Przejdź do stopki Oferty pracy Pобота Profile pracodawców Porady i narzędzia Moje konto DLA FIRM Dodaj ogłoszenie Kierowca / Kierowczyni C lub CE - DINO AGRO dystrybucja Skrzypczyk-Trans PL Spółka z ograniczoną odpowiedzialnością Sp.K.O firmie ważna jeszcze miesiąc (do 14 lut) Strzelce Opolskie(opolskie) umowa o pracę pełny etat pracownik fizyczny praca mobilna praca od zaraz szukamy wielu kandydatów(2 wakaty) 
"https://www.pracuj.pl/praca/kierowca-ciezarowki-sosnowiec-orlat-lwowskich-146,oferta,1004573041?sug=oferta_bottom_bd_10","Przejdź do treści ogłoszenia Przejdź do panelu aplikowania Przejdź do panelu bocznego Przejdź do stopki Oferty pracy Pобота Profile pracodawców Porady i narzędzia Moje konto DLA FIRM Dodaj ogłoszenie Kierowca ciężarówki BALCER sp. z o.o.O firmie ważna jeszcze 23 dni (do 11 lut) Orląt Lwowskich 146, Sosnowiec(śląskie) umowa o pracę pełny etat pracownik fizyczny praca mobilna pracodawca nie wymaga cv Asystent Pracuj.pl Podsumowanie oferty Wypróbuj nową funkcję - pomoże Ci ocenić, czy ta oferta moż"
"https://www.pracuj.pl/praca/recruitment-administrator-with-swedish-krakow-saska-25d,oferta,1004562877?sug=oferta_bottom_jit_14","Przejdź do treści ogłoszenia Przejdź do panelu aplikowania Przejdź do panelu bocznego Przejdź do stopki Oferty pracy Pобота Profile pracodawców Porady i narzędzia Moje konto DLA FIRM Dodaj ogłoszenie Recruitment Administrator with Swedish AMSAbout the company valid for 18 days (to 06 Feb) Saska 25D, Podgórze, Kraków(Lesser Poland) contract of employment full-time junior specialist (junior) hybrid work Asystent Pracuj.pl Podsumowanie oferty Wypróbuj nową funkcję - pomoże Ci ocenić, czy ta oferta "
"https://www.pracuj.pl/praca/grafik-graficzka-warszawa,oferta,1004576344?sug=oferta_bottom_jit_16","Przejdź do treści ogłoszenia Przejdź do panelu aplikowania Przejdź do panelu bocznego Przejdź do stopki Oferty pracy Pобота Profile pracodawców Porady i narzędzia Moje konto DLA FIRM Dodaj ogłoszenie Grafik / Graficzka ICED STUFF sp. z o.o.O firmie ważna jeszcze 23 dni (do 11 lut) 8 000 – 12 000 zł brutto / mies. | umowa o pracę 5 500 – 9 000 zł netto (+ VAT) / mies. | kontrakt B2B Warszawa(mazowieckie) umowa o pracę, kontrakt b2b pełny etat, część etatu specjalista (mid / regular) praca hybrydo"
"https://www.pracuj.pl/praca/kierowca-ciezarowki-c%2be-dlugoleka-pow-wroclawski,oferta,1004569948?sug=oferta_bottom_bd_17",Przejdź do treści ogłoszenia Przejdź do panelu aplikowania Przejdź do panelu bocznego Przejdź do stopki Oferty pracy Pобота Profile pracodawców Porady i narzędzia Moje konto DLA FIRM Dodaj ogłoszenie Kierowca ciężarówki C+E FIGANIAK PAWEŁ USŁUGI TRANSPORTOWE PAWTRANSO firmie ważna jeszcze 20 dni (do 08 lut) 7 500 – 8 400 zł brutto / mies. | umowa o pracę Długołęka (pow. wrocławski)(dolnośląskie) umowa o pracę pełny etat pracownik fizyczny praca mobilna praca od zaraz pracodawca nie wymaga cv Asy
"https://www.pracuj.pl/praca/kierowca-miedzynarodowy-kat-c%2be-chorzow,oferta,1004571596?sug=oferta_bottom_bd_18",Przejdź do treści ogłoszenia Przejdź do panelu aplikowania Przejdź do panelu bocznego Przejdź do stopki Oferty pracy Pобота Profile pracodawców Porady i narzędzia Moje konto DLA FIRM Dodaj ogłoszenie Kierowca międzynarodowy kat. C+E LOJA TRUCKS sp. z o.o.O firmie ważna jeszcze 20 dni (do 08 lut) Chorzów(śląskie) umowa o pracę pełny etat pracownik fizyczny praca mobilna praca od zaraz szukamy wielu kandydatów pracodawca nie wymaga cv Asystent Pracuj.pl Podsumowanie oferty Wypróbuj nową funkcję - 
"https://www.pracuj.pl/praca/kierowca-c%2be-m-k-opole,oferta,1004523279?sug=oferta_bottom_bd_19",Przejdź do treści ogłoszenia Przejdź do panelu aplikowania Przejdź do panelu bocznego Przejdź do stopki Oferty pracy Pобота Profile pracodawców Porady i narzędzia Moje konto DLA FIRM Dodaj ogłoszenie Kierowca C+E (M/K) H. Z. Transport Poland Sp. z o.o.O firmie ważna jeszcze 3 dni (do 22 sty) 12 000 – 17 500 zł brutto / mies. | umowa o pracę Opole(opolskie) umowa o pracę pełny etat pracownik fizyczny praca mobilna(Wyjazdy z bazy w Kamienicy Polskiej k.Częstochowy. Jazda po całej UE.) praca od zar
"https://www.pracuj.pl/praca/kierowca-c%2be-chlodnie-niemcy,oferta,11753476?sug=oferta_bottom_bd_20","Przejdź do treści ogłoszenia Przejdź do panelu aplikowania Przejdź do panelu bocznego Przejdź do stopki Oferty pracy Pобота Profile pracodawców Porady i narzędzia Moje konto DLA FIRM Dodaj ogłoszenie Kierowca C+E - chłodnie IPM - International Personal ManagementO firmie ważna jeszcze 7 dni (do 26 sty) 14 000 – 18 000 zł brutto / mies. | umowa o pracę Bawaria, Niemcy(zagranica) umowa o pracę pełny etat pracownik fizyczny praca mobilna(Bawaria) pracodawca nie wymaga cv Asystent Pracuj.pl Podsumow"
"https://www.pracuj.pl/praca/kierowca-kat-c%2be-olesnica,oferta,1004549841?sug=oferta_bottom_bd_22",Przejdź do treści ogłoszenia Przejdź do panelu aplikowania Przejdź do panelu bocznego Przejdź do stopki Oferty pracy Pобота Profile pracodawców Porady i narzędzia Moje konto DLA FIRM Dodaj ogłoszenie Kierowca kat. C+E DOLMAT LOGISTICS sp. z o.o.O firmie ważna jeszcze 3 dni (do 22 sty) Oleśnica(dolnośląskie) umowa o pracę pełny etat pracownik fizyczny praca mobilna praca od zaraz szukamy wielu kandydatów pracodawca nie wymaga cv Asystent Pracuj.pl Podsumowanie oferty Wypróbuj nową funkcję - pomoż
"https://www.pracuj.pl/praca/mlodszy-a-specjalista-ka-ds-grafiki-i-video-miszewko-pow-kartuski-gdynska-69a,oferta,1004557728?sug=oferta_bottom_jit_9","Przejdź do treści ogłoszenia Przejdź do panelu aplikowania Przejdź do panelu bocznego Przejdź do stopki Oferty pracy Pобота Profile pracodawców Porady i narzędzia Moje konto DLA FIRM Dodaj ogłoszenie Młodszy/-a specjalista/-ka ds. grafiki i video Marba-Sport Marcin Mocarski spółka komandytowaO firmie ważna jeszcze 13 dni (do 01 lut) Gdyńska 69a, Miszewko (pow. kartuski)(pomorskie) umowa o pracę, kontrakt b2b pełny etat młodszy specjalista (junior) praca stacjonarna Asystent Pracuj.pl Podsumowani"
"https://www.pracuj.pl/praca/graphic-designer-jasionka-pow-rzeszowski,oferta,1004548735?sug=oferta_bottom_jit_11",Przejdź do treści ogłoszenia Przejdź do panelu aplikowania Przejdź do panelu bocznego Przejdź do stopki Oferty pracy Pобота Profile pracodawców Porady i narzędzia Moje konto DLA FIRM Dodaj ogłoszenie Graphic designer Engram M. Kłosowicz M. Piwowarczyk Sp.j.O firmie ważna jeszcze 3 dni (do 22 sty) Jasionka (pow. rzeszowski)(podkarpackie) umowa o pracę pełny etat specjalista (mid / regular) praca stacjonarna praca od zaraz Asystent Pracuj.pl Podsumowanie oferty Wypróbuj nową funkcję - pomoże Ci oc
"https://www.pracuj.pl/praca/grafik-graficzka-apolonka-pow-piotrkowski,oferta,1004571868?sug=oferta_bottom_jit_17","Przejdź do treści ogłoszenia Przejdź do panelu aplikowania Przejdź do panelu bocznego Przejdź do stopki Oferty pracy Pобота Profile pracodawców Porady i narzędzia Moje konto DLA FIRM Dodaj ogłoszenie Grafik / Graficzka SŁAWOMIR MOSKWA FIRMA HANDLOWO - PRODUKCYJNA ""AJS""O firmie ważna jeszcze 21 dni (do 09 lut) 5 000 – 6 000 zł brutto / mies. | umowa o pracę Apolonka (pow. piotrkowski)(łódzkie) umowa o pracę pełny etat specjalista (mid / regular) praca stacjonarna Asystent Pracuj.pl Podsumowanie o"
"https://www.pracuj.pl/praca/specjalista-specjalistka-ds-grafiki-gdynia-hutnicza-15b,oferta,1004566982?sug=oferta_bottom_jit_15","Przejdź do treści ogłoszenia Przejdź do panelu aplikowania Przejdź do panelu bocznego Przejdź do stopki Oferty pracy Pобота Profile pracodawców Porady i narzędzia Moje konto DLA FIRM Dodaj ogłoszenie Specjalista / Specjalistka ds. Grafiki Biovico Sp. z o.o.O firmie ważna jeszcze 19 dni (do 07 lut) Hutnicza 15B, Chylonia, Gdynia(pomorskie) umowa o pracę pełny etat specjalista (mid / regular) praca stacjonarna praca od zaraz Asystent Pracuj.pl Podsumowanie oferty Wypróbuj nową funkcję - pomoże Ci "
"https://www.pracuj.pl/praca/kierowca-c%2be-w-systemie-2-2-2-1-lub-bez-systemu-niemcy,oferta,11748961?sug=oferta_bottom_bd_21","Przejdź do treści ogłoszenia Przejdź do panelu aplikowania Przejdź do panelu bocznego Przejdź do stopki Oferty pracy Pобота Profile pracodawców Porady i narzędzia Moje konto DLA FIRM Dodaj ogłoszenie Kierowca C+E w systemie 2/2, 2/1 lub bez systemu STRALOGO firmie ważna jeszcze dzień (do 20 sty) 7 000 – 14 500 zł brutto / mies. | umowa o pracę Niemcy(zagranica) umowa o pracę pełny etat pracownik fizyczny praca mobilna(Praca na terenie całych Niemiec) praca od zaraz szukamy wielu kandydatów(4 wak"
"https://www.pracuj.pl/praca/kierowca-lkw-c%2be-niemcy,oferta,11757289?sug=oferta_bottom_bd_23","Przejdź do treści ogłoszenia Przejdź do panelu aplikowania Przejdź do panelu bocznego Przejdź do stopki Oferty pracy Pобота Profile pracodawców Porady i narzędzia Moje konto DLA FIRM Dodaj ogłoszenie Kierowca LKW C+E DKM GLOBAL sp. z o.o.O firmie ważna jeszcze 10 dni (do 29 sty) 12 000 – 17 000 zł brutto / mies. | umowa o pracę 12 000 – 17 000 zł brutto / mies. | umowa zlecenie Niemcy(zagranica) umowa o pracę, umowa zlecenie pełny etat pracownik fizyczny praca stacjonarna pracodawca nie wymaga c"
"https://www.pracuj.pl/praca/obs%C5%82uga%20klienta;cc,5021/it%20telekomunikacja;cc,5021005#search","Przejdź do wyszukiwarki Przejdź do ofert Przejdź do filtrów Przejdź do stopki Oferty pracy Pобота Profile pracodawców Porady i narzędzia Moje konto DLA FIRM Dodaj ogłoszenie Hej! Jakiej pracy szukasz? Stanowisko, firma, słowo kluczowe Kategoria Lokalizacja Odległość Szukaj 709 Historia wyszukiwania Przejdź do wyszukiwarki Przejdź do ofert Przejdź do filtrów Przejdź do stopki Praca: IT / Telekomunikacja - 709 ofert pracy Zapisz wyszukiwanie Sortuj: Dla Ciebie z7 Superoferta Kierownik Elektromarke"
"https://www.pracuj.pl/praca/obs%C5%82uga%20klienta;cc,5021#search","Przejdź do wyszukiwarki Przejdź do ofert Przejdź do filtrów Przejdź do stopki Oferty pracy Pобота Profile pracodawców Porady i narzędzia Moje konto DLA FIRM Dodaj ogłoszenie Hej! Jakiej pracy szukasz? Stanowisko, firma, słowo kluczowe Kategoria Lokalizacja Odległość Szukaj 8364 Historia wyszukiwania Przejdź do wyszukiwarki Przejdź do ofert Przejdź do filtrów Przejdź do stopki Praca: Obsługa klienta - 8364 oferty pracy Zapisz wyszukiwanie Sortuj: Dla Ciebie z104 Technik Farmaceutyczny (m/k/os) DO"
"https://www.pracuj.pl/praca/kierowca-c%2be-lohra-plandeka-slomniki,oferta,1004564349?sug=oferta_bottom_bd_15","Przejdź do treści ogłoszenia Przejdź do panelu aplikowania Przejdź do panelu bocznego Przejdź do stopki Oferty pracy Pобота Profile pracodawców Porady i narzędzia Moje konto DLA FIRM Dodaj ogłoszenie Kierowca C+E Lohra, Plandeka BORYS sp. z o.o.O firmie ważna jeszcze 18 dni (do 06 lut) Słomniki(małopolskie) umowa o pracę pełny etat pracownik fizyczny praca stacjonarna praca od zaraz pracodawca nie wymaga cv Asystent Pracuj.pl Podsumowanie oferty Wypróbuj nową funkcję - pomoże Ci ocenić, czy ta o"
"https://www.pracuj.pl/praca/graphic-designer-gdynia-sportowa-8a,oferta,1004553572?sug=oferta_bottom_jit_13","Przejdź do treści ogłoszenia Przejdź do panelu aplikowania Przejdź do panelu bocznego Przejdź do stopki Oferty pracy Pобота Profile pracodawców Porady i narzędzia Moje konto DLA FIRM Dodaj ogłoszenie Graphic Designer Marcin RichertO firmie ważna jeszcze 9 dni (do 28 sty) 7 000 – 10 000 zł brutto / mies. | umowa o pracę 7 000 – 10 000 zł netto (+ VAT) / mies. | kontrakt B2B Sportowa 8a, Mały Kack, Gdynia(pomorskie) umowa o pracę, kontrakt b2b pełny etat specjalista (mid / regular) praca stacjonar"
"https://www.pracuj.pl/aplikuj/kierownik-kierowniczka-budowy-paczkowo-pow-poznanski,oferta,1004592482?apid=45eadadb-c74d-46c3-bab9-a5db7cd3d281&oca=CouldNotUse&acv=0","Kierownik / Kierowniczka budowy MATPOL Sp. z o.o., Paczkowo (pow. poznański) Żeby aplikować na to ogłoszenie, podaj adres e-mail Adres e-mail Dalej Kontynuuj z Google Kontynuuj z Facebook Kontynuuj z Apple Jesteś pracodawcą? Zobacz ofertę dla firm"
"https://www.pracuj.pl/praca/praca%20fizyczna;cc,5022/utrzymanie%20czysto%C5%9Bci;cc,5022015#search","Przejdź do wyszukiwarki Przejdź do ofert Przejdź do filtrów Przejdź do stopki Oferty pracy Pобота Profile pracodawców Porady i narzędzia Moje konto DLA FIRM Dodaj ogłoszenie Hej! Jakiej pracy szukasz? Stanowisko, firma, słowo kluczowe Kategoria Lokalizacja Odległość Szukaj 246 Historia wyszukiwania Przejdź do wyszukiwarki Przejdź do ofert Przejdź do filtrów Przejdź do stopki Praca: Utrzymanie czystości - 246 ofert pracy Zapisz wyszukiwanie Sortuj: Dla Ciebie z5 Superoferta Pracownik Porządkowy, "
"https://www.pracuj.pl/praca/business-analyst-with-swedish-krakow-kurniki-9,oferta,1004556866?sug=oferta_bottom_jit_16","Przejdź do treści ogłoszenia Przejdź do panelu aplikowania Przejdź do panelu bocznego Przejdź do stopki Oferty pracy Pобота Profile pracodawców Porady i narzędzia Moje konto DLA FIRM Dodaj ogłoszenie Business Analyst with Swedish Sollers ConsultingAbout the company valid for 12 days (to 31 Jan) Kurniki 9, Stare Miasto, Kraków(Lesser Poland) contract of employment, b2b contract full-time junior specialist (junior), specialist (mid / regular) hybrid work Asystent Pracuj.pl Podsumowanie oferty Wypr"
